source_row,keyword,language,market,volume,kd,search_intent,unique_intent,canonical_keyword,canonical_url,current_url,content_status,merge_candidate
2,storage box,EN,United States (loc 2840),27100,33,transactional,Home Living,diy storage box,https://www.sesoris.com/blog/diy-storage-box,https://www.sesoris.com/blog/storage-box-plastik-complete-review-guide-plastic-storage-solutions-2026,Scheduled,true
3,rak serbaguna,ID,Indonesia (loc 2360),2900,0,commercial,Home Living,diy storage box,https://www.sesoris.com/blog/diy-storage-box,,Scheduled,false
4,rak penyimpanan barang,ID,Indonesia (loc 2360),720,0,commercial,Home Living,diy storage box,https://www.sesoris.com/blog/diy-storage-box,,Scheduled,false
5,rak minimalis,ID,Indonesia (loc 2360),1300,0,commercial,Home Living,diy storage box,https://www.sesoris.com/blog/diy-storage-box,,Scheduled,false
6,box storage,EN,United States (loc 2840),27100,31,transactional,Home Living,diy storage box,https://www.sesoris.com/blog/diy-storage-box,https://www.sesoris.com/blog/box-storage,Published,true
7,kotak penyimpanan,ID,Indonesia (loc 2360),720,0,commercial,Home Living,diy storage box,https://www.sesoris.com/blog/diy-storage-box,,Scheduled,false
8,kotak penyimpanan barang,ID,Indonesia (loc 2360),720,0,commercial,Home Living,diy storage box,https://www.sesoris.com/blog/diy-storage-box,,Scheduled,false
9,tempat penyimpanan barang,ID,Indonesia (loc 2360),590,0,commercial,Home Living,diy storage box,https://www.sesoris.com/blog/diy-storage-box,,Scheduled,false
10,tempat penyimpanan,ID,Indonesia (loc 2360),720,0,commercial,Home Living,diy storage box,https://www.sesoris.com/blog/diy-storage-box,,Scheduled,false
11,lemari penyimpanan,ID,Indonesia (loc 2360),590,0,commercial,Home Living,diy storage box,https://www.sesoris.com/blog/diy-storage-box,,Published,false
12,rak penyimpanan,ID,Indonesia (loc 2360),590,0,commercial,Home Living,diy storage box,https://www.sesoris.com/blog/diy-storage-box,,Scheduled,false
13,home organizer,EN,United States (loc 2840),2400,26,informational,Home Living,diy storage box,https://www.sesoris.com/blog/diy-storage-box,https://www.sesoris.com/blog/home-organizer,Published,true
14,container box,EN,United States (loc 2840),1600,30,transactional,Home Living,diy storage box,https://www.sesoris.com/blog/diy-storage-box,https://www.sesoris.com/blog/container-box,Published,true
15,storage box plastik,ID,Indonesia (loc 2360),480,0,commercial,Home Living,diy storage box,https://www.sesoris.com/blog/diy-storage-box,https://www.sesoris.com/blog/storage-box-plastik,Published,true
16,tempat penyimpanan baju,ID,Indonesia (loc 2360),50,54,commercial,Home Living,diy storage box,https://www.sesoris.com/blog/diy-storage-box,,Scheduled,false
17,rak penyimpanan makanan,ID,Indonesia (loc 2360),320,0,commercial,Home Living,diy storage box,https://www.sesoris.com/blog/diy-storage-box,,Scheduled,false
18,kotak kayu penyimpanan,ID,Indonesia (loc 2360),210,0,commercial,Home Living,diy storage box,https://www.sesoris.com/blog/diy-storage-box,,Scheduled,false
19,tempat penyimpanan sepatu,ID,Indonesia (loc 2360),40,54,commercial,Home Living,diy storage box,https://www.sesoris.com/blog/diy-storage-box,,Scheduled,false
20,kotak penyimpanan serbaguna,ID,Indonesia (loc 2360),210,0,commercial,Home Living,diy storage box,https://www.sesoris.com/blog/diy-storage-box,,Scheduled,false
21,rak penyimpanan barang dapur,ID,Indonesia (loc 2360),140,0,commercial,Home Living,diy storage box,https://www.sesoris.com/blog/diy-storage-box,,Scheduled,false
22,rak penyimpanan barang di gudang,ID,Indonesia (loc 2360),210,0,commercial,Home Living,diy storage box,https://www.sesoris.com/blog/diy-storage-box,,Scheduled,false
23,rak penyimpanan barang tertutup,ID,Indonesia (loc 2360),260,0,commercial,Home Living,diy storage box,https://www.sesoris.com/blog/diy-storage-box,,Scheduled,false
24,storage box mini,EN,United States (loc 2840),390,7,transactional,Home Living,diy storage box,https://www.sesoris.com/blog/diy-storage-box,,Scheduled,false
25,organizer rumah,ID,Indonesia (loc 2360),20,,commercial,Home Living,diy storage box,https://www.sesoris.com/blog/diy-storage-box,,Scheduled,false
26,rak sepatu minimalis hemat tempat,ID,Indonesia (loc 2360),,,commercial,Home Living,diy storage box,https://www.sesoris.com/blog/diy-storage-box,,Scheduled,false
27,rak buku minimalis dinding,ID,Indonesia (loc 2360),260,0,commercial,Home Living,diy storage box,https://www.sesoris.com/blog/diy-storage-box,,Scheduled,false
28,storage box lipat,ID,Indonesia (loc 2360),140,0,commercial,Home Living,diy storage box,https://www.sesoris.com/blog/diy-storage-box,,Scheduled,false
29,tempat penyimpanan asi,ID,Indonesia (loc 2360),170,0,commercial,Home Living,diy storage box,https://www.sesoris.com/blog/diy-storage-box,,Scheduled,false
30,rak penyimpanan serbaguna,ID,Indonesia (loc 2360),140,0,commercial,Home Living,diy storage box,https://www.sesoris.com/blog/diy-storage-box,,Scheduled,false
31,storage box organizer,EN,United States (loc 2840),1300,22,commercial,Home Living,diy storage box,https://www.sesoris.com/blog/diy-storage-box,,Scheduled,false
32,collapsible storage box,EN,United States (loc 2840),880,0,transactional,Home Living,diy storage box,https://www.sesoris.com/blog/diy-storage-box,https://www.sesoris.com/blog/collapsible-storage-box,Published,true
33,foldable storage box,EN,United States (loc 2840),1000,0,transactional,Home Living,diy storage box,https://www.sesoris.com/blog/diy-storage-box,https://www.sesoris.com/blog/foldable-storage-box-space-saving-solutions-2026,Scheduled,true
34,plastic storage box,EN,United States (loc 2840),8100,13,transactional,Home Living,diy storage box,https://www.sesoris.com/blog/diy-storage-box,,Scheduled,false
35,container storage box,EN,United States (loc 2840),880,30,transactional,Home Living,diy storage box,https://www.sesoris.com/blog/diy-storage-box,https://www.sesoris.com/blog/container-storage-box-best-space-saving-solutions-guide-2026,Scheduled,true
36,kotak penyimpanan barang kecil,ID,Indonesia (loc 2360),110,0,commercial,Home Living,diy storage box,https://www.sesoris.com/blog/diy-storage-box,,Scheduled,false
37,harga storage box,ID,Indonesia (loc 2360),110,4,transactional,Home Living,diy storage box,https://www.sesoris.com/blog/diy-storage-box,,Published,false
38,diy storage box,EN,United States (loc 2840),260,4,transactional,Home Living,diy storage box,https://www.sesoris.com/blog/diy-storage-box,https://www.sesoris.com/blog/diy-storage-box,Published,false
39,storage box baju,ID,Indonesia (loc 2360),110,0,commercial,Home Living,diy storage box,https://www.sesoris.com/blog/diy-storage-box,,Scheduled,false
40,rak penyimpanan untuk kamar kost,ID,Indonesia (loc 2360),,,commercial,Home Living,diy storage box,https://www.sesoris.com/blog/diy-storage-box,,Scheduled,false
41,organizer kamar mandi minimalis,ID,Indonesia (loc 2360),,,commercial,Home Living,diy storage box,https://www.sesoris.com/blog/diy-storage-box,,Scheduled,false
42,storage box kecil,ID,Indonesia (loc 2360),90,0,commercial,Home Living,diy storage box,https://www.sesoris.com/blog/diy-storage-box,,Scheduled,false
43,storage box untuk pakaian,ID,Indonesia (loc 2360),90,0,commercial,Home Living,diy storage box,https://www.sesoris.com/blog/diy-storage-box,,Scheduled,false
44,tempat penyimpanan obat,ID,Indonesia (loc 2360),70,0,commercial,Home Living,diy storage box,https://www.sesoris.com/blog/diy-storage-box,,Scheduled,false
45,tempat penyimpanan alat kebersihan,ID,Indonesia (loc 2360),70,0,commercial,Home Living,diy storage box,https://www.sesoris.com/blog/diy-storage-box,,Scheduled,false
46,storage box lipat untuk baju,ID,Indonesia (loc 2360),,,commercial,Home Living,diy storage box,https://www.sesoris.com/blog/diy-storage-box,,Scheduled,false
47,rak penyimpanan bertingkat roda,ID,Indonesia (loc 2360),,,commercial,Home Living,diy storage box,https://www.sesoris.com/blog/diy-storage-box,,Scheduled,false
48,storage box aesthetic,EN,United States (loc 2840),40,3,informational,Home Living,diy storage box,https://www.sesoris.com/blog/diy-storage-box,,Scheduled,false
49,kotak penyimpanan baju,ID,Indonesia (loc 2360),70,54,commercial,Home Living,diy storage box,https://www.sesoris.com/blog/diy-storage-box,,Scheduled,false
50,keranjang penyimpanan,ID,Indonesia (loc 2360),70,17,commercial,Home Living,diy storage box,https://www.sesoris.com/blog/diy-storage-box,,Scheduled,false
51,rak penyimpanan dokumen,ID,Indonesia (loc 2360),50,,commercial,Home Living,diy storage box,https://www.sesoris.com/blog/diy-storage-box,,Scheduled,false
52,rak penyimpanan barang kecil,ID,Indonesia (loc 2360),40,,commercial,Home Living,diy storage box,https://www.sesoris.com/blog/diy-storage-box,,Scheduled,false
53,rak penyimpanan barang dapur tertutup,ID,Indonesia (loc 2360),50,,commercial,Home Living,diy storage box,https://www.sesoris.com/blog/diy-storage-box,,Scheduled,false
54,kitchen set minimalis,ID,Indonesia (loc 2360),14800,0,commercial,Kitchen & Dining,rak piring,https://www.sesoris.com/blog/rak-piring-dapur-dish-rack-guide-best-kitchen-plate-storage-solutions-2026,,Published,false
55,desain dapur minimalis,ID,Indonesia (loc 2360),6600,0,informational,Kitchen & Dining,rak piring,https://www.sesoris.com/blog/rak-piring-dapur-dish-rack-guide-best-kitchen-plate-storage-solutions-2026,,Scheduled,false
56,kitchen set minimalis dapur kecil,ID,Indonesia (loc 2360),3600,0,commercial,Kitchen & Dining,rak piring,https://www.sesoris.com/blog/rak-piring-dapur-dish-rack-guide-best-kitchen-plate-storage-solutions-2026,,Scheduled,false
57,desain dapur,ID,Indonesia (loc 2360),2900,0,informational,Kitchen & Dining,rak piring,https://www.sesoris.com/blog/rak-piring-dapur-dish-rack-guide-best-kitchen-plate-storage-solutions-2026,https://www.sesoris.com/blog/desain-dapur-letter-l-layout-paling-efisien,Scheduled,true
58,rak dapur,ID,Indonesia (loc 2360),3600,0,commercial,Kitchen & Dining,rak piring,https://www.sesoris.com/blog/rak-piring-dapur-dish-rack-guide-best-kitchen-plate-storage-solutions-2026,,Scheduled,false
59,rak bumbu dapur,ID,Indonesia (loc 2360),3600,0,commercial,Kitchen & Dining,rak piring,https://www.sesoris.com/blog/rak-piring-dapur-dish-rack-guide-best-kitchen-plate-storage-solutions-2026,https://www.sesoris.com/blog/rak-bumbu-dapur-3-susun-review-3-tier-spice-rack-2026,Scheduled,true
60,rak piring,ID,Indonesia (loc 2360),22200,0,commercial,Kitchen & Dining,rak piring,https://www.sesoris.com/blog/rak-piring-dapur-dish-rack-guide-best-kitchen-plate-storage-solutions-2026,https://www.sesoris.com/blog/rak-piring-dapur-dish-rack-guide-best-kitchen-plate-storage-solutions-2026,Published,false
61,model kitchen set minimalis,ID,Indonesia (loc 2360),2400,0,commercial,Kitchen & Dining,rak piring,https://www.sesoris.com/blog/rak-piring-dapur-dish-rack-guide-best-kitchen-plate-storage-solutions-2026,,Scheduled,false
62,wadah makanan,ID,Indonesia (loc 2360),2400,0,commercial,Kitchen & Dining,rak piring,https://www.sesoris.com/blog/rak-piring-dapur-dish-rack-guide-best-kitchen-plate-storage-solutions-2026,,Scheduled,false
63,rak dapur minimalis,ID,Indonesia (loc 2360),1900,0,commercial,Kitchen & Dining,rak piring,https://www.sesoris.com/blog/rak-piring-dapur-dish-rack-guide-best-kitchen-plate-storage-solutions-2026,,Scheduled,false
64,kitchen set modern minimalis,ID,Indonesia (loc 2360),1300,0,commercial,Kitchen & Dining,rak piring,https://www.sesoris.com/blog/rak-piring-dapur-dish-rack-guide-best-kitchen-plate-storage-solutions-2026,,Scheduled,false
65,wadah makanan plastik,ID,Indonesia (loc 2360),1300,0,commercial,Kitchen & Dining,rak piring,https://www.sesoris.com/blog/rak-piring-dapur-dish-rack-guide-best-kitchen-plate-storage-solutions-2026,,Scheduled,false
66,model kitchen set minimalis terbaru,ID,Indonesia (loc 2360),1300,0,commercial,Kitchen & Dining,rak piring,https://www.sesoris.com/blog/rak-piring-dapur-dish-rack-guide-best-kitchen-plate-storage-solutions-2026,,Scheduled,false
67,rak bumbu dapur dari kayu,ID,Indonesia (loc 2360),1000,0,commercial,Kitchen & Dining,rak piring,https://www.sesoris.com/blog/rak-piring-dapur-dish-rack-guide-best-kitchen-plate-storage-solutions-2026,,Scheduled,false
68,rak dapur serbaguna,ID,Indonesia (loc 2360),1300,0,commercial,Kitchen & Dining,rak piring,https://www.sesoris.com/blog/rak-piring-dapur-dish-rack-guide-best-kitchen-plate-storage-solutions-2026,,Scheduled,false
69,gambar kitchen set minimalis,ID,Indonesia (loc 2360),1000,0,informational,Kitchen & Dining,rak piring,https://www.sesoris.com/blog/rak-piring-dapur-dish-rack-guide-best-kitchen-plate-storage-solutions-2026,,Scheduled,false
70,food container,EN,United States (loc 2840),14800,18,transactional,Kitchen & Dining,rak piring,https://www.sesoris.com/blog/rak-piring-dapur-dish-rack-guide-best-kitchen-plate-storage-solutions-2026,https://www.sesoris.com/blog/food-container,Published,true
71,kitchen set minimalis dapur kecil murah,ID,Indonesia (loc 2360),590,0,transactional,Kitchen & Dining,rak piring,https://www.sesoris.com/blog/rak-piring-dapur-dish-rack-guide-best-kitchen-plate-storage-solutions-2026,,Published,false
72,desain kitchen set minimalis,ID,Indonesia (loc 2360),880,0,informational,Kitchen & Dining,rak piring,https://www.sesoris.com/blog/rak-piring-dapur-dish-rack-guide-best-kitchen-plate-storage-solutions-2026,,Scheduled,false
73,contoh kitchen set minimalis,ID,Indonesia (loc 2360),880,0,informational,Kitchen & Dining,rak piring,https://www.sesoris.com/blog/rak-piring-dapur-dish-rack-guide-best-kitchen-plate-storage-solutions-2026,,Scheduled,false
74,dekorasi dapur minimalis,ID,Indonesia (loc 2360),720,0,informational,Kitchen & Dining,rak piring,https://www.sesoris.com/blog/rak-piring-dapur-dish-rack-guide-best-kitchen-plate-storage-solutions-2026,,Scheduled,false
75,rak gantung dapur,ID,Indonesia (loc 2360),590,0,commercial,Kitchen & Dining,rak piring,https://www.sesoris.com/blog/rak-piring-dapur-dish-rack-guide-best-kitchen-plate-storage-solutions-2026,,Scheduled,false
76,rak dinding dapur,ID,Indonesia (loc 2360),880,0,commercial,Kitchen & Dining,rak piring,https://www.sesoris.com/blog/rak-piring-dapur-dish-rack-guide-best-kitchen-plate-storage-solutions-2026,,Scheduled,false
77,tempat bumbu dapur,ID,Indonesia (loc 2360),1900,0,commercial,Kitchen & Dining,rak piring,https://www.sesoris.com/blog/rak-piring-dapur-dish-rack-guide-best-kitchen-plate-storage-solutions-2026,,Scheduled,false
78,rak piring lemari dapur,ID,Indonesia (loc 2360),480,0,commercial,Kitchen & Dining,rak piring,https://www.sesoris.com/blog/rak-piring-dapur-dish-rack-guide-best-kitchen-plate-storage-solutions-2026,,Scheduled,false
79,harga kitchen set minimalis dapur kecil,ID,Indonesia (loc 2360),480,0,transactional,Kitchen & Dining,rak piring,https://www.sesoris.com/blog/rak-piring-dapur-dish-rack-guide-best-kitchen-plate-storage-solutions-2026,,Published,false
80,rak bumbu dapur susun plastik,ID,Indonesia (loc 2360),480,0,commercial,Kitchen & Dining,rak piring,https://www.sesoris.com/blog/rak-piring-dapur-dish-rack-guide-best-kitchen-plate-storage-solutions-2026,,Scheduled,false
81,rak bumbu dapur serbaguna,ID,Indonesia (loc 2360),720,0,commercial,Kitchen & Dining,rak piring,https://www.sesoris.com/blog/rak-piring-dapur-dish-rack-guide-best-kitchen-plate-storage-solutions-2026,,Scheduled,false
82,rak dapur minimalis tempel dinding,ID,Indonesia (loc 2360),720,0,commercial,Kitchen & Dining,rak piring,https://www.sesoris.com/blog/rak-piring-dapur-dish-rack-guide-best-kitchen-plate-storage-solutions-2026,,Scheduled,false
83,rak aluminium dapur,ID,Indonesia (loc 2360),480,0,commercial,Kitchen & Dining,rak piring,https://www.sesoris.com/blog/rak-piring-dapur-dish-rack-guide-best-kitchen-plate-storage-solutions-2026,,Scheduled,false
84,rak dapur gantung,ID,Indonesia (loc 2360),590,0,commercial,Kitchen & Dining,rak piring,https://www.sesoris.com/blog/rak-piring-dapur-dish-rack-guide-best-kitchen-plate-storage-solutions-2026,,Scheduled,false
85,rak piring tempel tembok dapur,ID,Indonesia (loc 2360),480,0,commercial,Kitchen & Dining,rak piring,https://www.sesoris.com/blog/rak-piring-dapur-dish-rack-guide-best-kitchen-plate-storage-solutions-2026,,Scheduled,false
86,rak piring minimalis,ID,Indonesia (loc 2360),8100,0,commercial,Kitchen & Dining,rak piring,https://www.sesoris.com/blog/rak-piring-dapur-dish-rack-guide-best-kitchen-plate-storage-solutions-2026,,Published,false
87,rak stainless dapur,ID,Indonesia (loc 2360),390,0,commercial,Kitchen & Dining,rak piring,https://www.sesoris.com/blog/rak-piring-dapur-dish-rack-guide-best-kitchen-plate-storage-solutions-2026,,Scheduled,false
88,rak bumbu dapur unik,ID,Indonesia (loc 2360),390,0,commercial,Kitchen & Dining,rak piring,https://www.sesoris.com/blog/rak-piring-dapur-dish-rack-guide-best-kitchen-plate-storage-solutions-2026,,Scheduled,false
89,wadah makanan untuk jualan,ID,Indonesia (loc 2360),390,0,commercial,Kitchen & Dining,rak piring,https://www.sesoris.com/blog/rak-piring-dapur-dish-rack-guide-best-kitchen-plate-storage-solutions-2026,,Published,false
90,dekorasi dapur,ID,Indonesia (loc 2360),480,0,informational,Kitchen & Dining,rak piring,https://www.sesoris.com/blog/rak-piring-dapur-dish-rack-guide-best-kitchen-plate-storage-solutions-2026,,Scheduled,false
91,tempat penyimpanan makanan,ID,Indonesia (loc 2360),390,0,commercial,Kitchen & Dining,rak piring,https://www.sesoris.com/blog/rak-piring-dapur-dish-rack-guide-best-kitchen-plate-storage-solutions-2026,,Scheduled,false
92,wadah makanan stainless,ID,Indonesia (loc 2360),320,0,commercial,Kitchen & Dining,rak piring,https://www.sesoris.com/blog/rak-piring-dapur-dish-rack-guide-best-kitchen-plate-storage-solutions-2026,,Scheduled,false
93,rak kolong dapur,ID,Indonesia (loc 2360),320,0,commercial,Kitchen & Dining,rak piring,https://www.sesoris.com/blog/rak-piring-dapur-dish-rack-guide-best-kitchen-plate-storage-solutions-2026,,Scheduled,false
94,rak bumbu dapur 3 susun,ID,Indonesia (loc 2360),260,0,commercial,Kitchen & Dining,rak piring,https://www.sesoris.com/blog/rak-piring-dapur-dish-rack-guide-best-kitchen-plate-storage-solutions-2026,https://www.sesoris.com/blog/rak-bumbu-dapur-3-susun-review-3-tier-spice-rack-2026,Scheduled,true
95,rak bumbu dapur tempel dinding,ID,Indonesia (loc 2360),320,0,commercial,Kitchen & Dining,rak piring,https://www.sesoris.com/blog/rak-piring-dapur-dish-rack-guide-best-kitchen-plate-storage-solutions-2026,,Scheduled,false
96,rak piring dapur,ID,Indonesia (loc 2360),320,0,commercial,Kitchen & Dining,rak piring,https://www.sesoris.com/blog/rak-piring-dapur-dish-rack-guide-best-kitchen-plate-storage-solutions-2026,https://www.sesoris.com/blog/rak-piring-dapur-dish-rack-guide-best-kitchen-plate-storage-solutions-2026,Scheduled,false
97,dekorasi dapur sederhana,ID,Indonesia (loc 2360),260,0,informational,Kitchen & Dining,rak piring,https://www.sesoris.com/blog/rak-piring-dapur-dish-rack-guide-best-kitchen-plate-storage-solutions-2026,,Scheduled,false
98,rak bumbu dapur minimalis,ID,Indonesia (loc 2360),210,0,commercial,Kitchen & Dining,rak piring,https://www.sesoris.com/blog/rak-piring-dapur-dish-rack-guide-best-kitchen-plate-storage-solutions-2026,,Scheduled,false
99,harga kitchen set minimalis,ID,Indonesia (loc 2360),320,0,transactional,Kitchen & Dining,rak piring,https://www.sesoris.com/blog/rak-piring-dapur-dish-rack-guide-best-kitchen-plate-storage-solutions-2026,,Published,false
100,organizer kolong sink,EN,United States (loc 2840),,,transactional,Kitchen & Dining,rak piring,https://www.sesoris.com/blog/rak-piring-dapur-dish-rack-guide-best-kitchen-plate-storage-solutions-2026,,Scheduled,false
101,rak dapur besi,ID,Indonesia (loc 2360),210,0,commercial,Kitchen & Dining,rak piring,https://www.sesoris.com/blog/rak-piring-dapur-dish-rack-guide-best-kitchen-plate-storage-solutions-2026,,Scheduled,false
102,rak dapur sederhana,ID,Indonesia (loc 2360),40,15,commercial,Kitchen & Dining,rak piring,https://www.sesoris.com/blog/rak-piring-dapur-dish-rack-guide-best-kitchen-plate-storage-solutions-2026,,Scheduled,false
103,wadah makanan ramah lingkungan,ID,Indonesia (loc 2360),110,0,commercial,Kitchen & Dining,rak piring,https://www.sesoris.com/blog/rak-piring-dapur-dish-rack-guide-best-kitchen-plate-storage-solutions-2026,,Scheduled,false
104,wadah makanan estetik,ID,Indonesia (loc 2360),110,0,commercial,Kitchen & Dining,rak piring,https://www.sesoris.com/blog/rak-piring-dapur-dish-rack-guide-best-kitchen-plate-storage-solutions-2026,,Scheduled,false
105,wadah penyimpanan makanan,ID,Indonesia (loc 2360),140,3,commercial,Kitchen & Dining,rak piring,https://www.sesoris.com/blog/rak-piring-dapur-dish-rack-guide-best-kitchen-plate-storage-solutions-2026,,Scheduled,false
106,wadah makanan sekali pakai,ID,Indonesia (loc 2360),170,0,commercial,Kitchen & Dining,rak piring,https://www.sesoris.com/blog/rak-piring-dapur-dish-rack-guide-best-kitchen-plate-storage-solutions-2026,,Scheduled,false
107,wadah makanan stainless steel,ID,Indonesia (loc 2360),90,0,commercial,Kitchen & Dining,rak piring,https://www.sesoris.com/blog/rak-piring-dapur-dish-rack-guide-best-kitchen-plate-storage-solutions-2026,,Scheduled,false
108,dekorasi dapur sempit,ID,Indonesia (loc 2360),90,0,informational,Kitchen & Dining,rak piring,https://www.sesoris.com/blog/rak-piring-dapur-dish-rack-guide-best-kitchen-plate-storage-solutions-2026,,Scheduled,false
109,wadah makanan untuk jualan unik,ID,Indonesia (loc 2360),,,commercial,Kitchen & Dining,rak piring,https://www.sesoris.com/blog/rak-piring-dapur-dish-rack-guide-best-kitchen-plate-storage-solutions-2026,,Published,false
110,dekorasi dapur aesthetic,ID,Indonesia (loc 2360),110,0,informational,Kitchen & Dining,rak piring,https://www.sesoris.com/blog/rak-piring-dapur-dish-rack-guide-best-kitchen-plate-storage-solutions-2026,,Scheduled,false
111,rak piring stainless anti karat,ID,Indonesia (loc 2360),,,commercial,Kitchen & Dining,rak piring,https://www.sesoris.com/blog/rak-piring-dapur-dish-rack-guide-best-kitchen-plate-storage-solutions-2026,,Scheduled,false
112,rak bumbu dapur aesthetic,ID,Indonesia (loc 2360),20,,commercial,Kitchen & Dining,rak piring,https://www.sesoris.com/blog/rak-piring-dapur-dish-rack-guide-best-kitchen-plate-storage-solutions-2026,,Scheduled,false
113,food container untuk meal prep,ID,Indonesia (loc 2360),,,commercial,Kitchen & Dining,rak piring,https://www.sesoris.com/blog/rak-piring-dapur-dish-rack-guide-best-kitchen-plate-storage-solutions-2026,,Scheduled,false
114,food container anti tumpah,EN,United States (loc 2840),,,commercial,Kitchen & Dining,rak piring,https://www.sesoris.com/blog/rak-piring-dapur-dish-rack-guide-best-kitchen-plate-storage-solutions-2026,,Scheduled,false
115,rak dapur sudut serbaguna,ID,Indonesia (loc 2360),,,commercial,Kitchen & Dining,rak piring,https://www.sesoris.com/blog/rak-piring-dapur-dish-rack-guide-best-kitchen-plate-storage-solutions-2026,,Scheduled,false
116,kitchen organizer,EN,United States (loc 2840),2400,14,transactional,Kitchen & Dining,rak piring,https://www.sesoris.com/blog/rak-piring-dapur-dish-rack-guide-best-kitchen-plate-storage-solutions-2026,https://www.sesoris.com/blog/kitchen-organizer-ideas-transform-cooking-space-2026,Scheduled,true
117,dekorasi dapur cantik,ID,Indonesia (loc 2360),50,0,informational,Kitchen & Dining,rak piring,https://www.sesoris.com/blog/rak-piring-dapur-dish-rack-guide-best-kitchen-plate-storage-solutions-2026,,Scheduled,false
118,dekorasi dapur kecil,ID,Indonesia (loc 2360),50,0,informational,Kitchen & Dining,rak piring,https://www.sesoris.com/blog/rak-piring-dapur-dish-rack-guide-best-kitchen-plate-storage-solutions-2026,,Scheduled,false
119,rak dapur aluminium,ID,Indonesia (loc 2360),480,0,commercial,Kitchen & Dining,rak piring,https://www.sesoris.com/blog/rak-piring-dapur-dish-rack-guide-best-kitchen-plate-storage-solutions-2026,,Scheduled,false
120,travel bag organizer,EN,United States (loc 2840),1300,0,informational,Bags & Pouches,packing cubes,https://www.sesoris.com/blog/packing-cubes,https://www.sesoris.com/blog/travel-bag-organizer,Published,true
121,organizer travel bag,EN,United States (loc 2840),1300,0,commercial,Bags & Pouches,packing cubes,https://www.sesoris.com/blog/packing-cubes,https://www.sesoris.com/blog/organizer-travel-bag,Published,true
122,travel organizer bag,EN,United States (loc 2840),1300,0,informational,Bags & Pouches,packing cubes,https://www.sesoris.com/blog/packing-cubes,https://www.sesoris.com/blog/travel-organizer-bag-ultimate-guide-smart-packing-effortless-travel-2026,Scheduled,true
123,bag organizer travel,EN,United States (loc 2840),1300,0,commercial,Bags & Pouches,packing cubes,https://www.sesoris.com/blog/packing-cubes,,Scheduled,false
124,tas travel lipat,ID,Indonesia (loc 2360),590,0,commercial,Bags & Pouches,packing cubes,https://www.sesoris.com/blog/packing-cubes,https://www.sesoris.com/blog/tas-travel-lipat,Published,true
125,tas organizer,ID,Indonesia (loc 2360),260,0,commercial,Bags & Pouches,packing cubes,https://www.sesoris.com/blog/packing-cubes,,Scheduled,false
126,packing cubes,EN,United States (loc 2840),49500,30,informational,Bags & Pouches,packing cubes,https://www.sesoris.com/blog/packing-cubes,https://www.sesoris.com/blog/packing-cubes,Published,false
127,travel pouch organizer,EN,United States (loc 2840),70,0,commercial,Bags & Pouches,packing cubes,https://www.sesoris.com/blog/packing-cubes,,Scheduled,false
128,gadget organizer,EN,United States (loc 2840),50,8,commercial,Bags & Pouches,packing cubes,https://www.sesoris.com/blog/packing-cubes,,Scheduled,false
129,bag in bag organizer,EN,United States (loc 2840),4400,0,transactional,Bags & Pouches,packing cubes,https://www.sesoris.com/blog/packing-cubes,,Scheduled,false
130,toiletry bag travel,EN,United States (loc 2840),22200,11,informational,Bags & Pouches,packing cubes,https://www.sesoris.com/blog/packing-cubes,,Scheduled,false
131,cable organizer bag,EN,United States (loc 2840),390,11,transactional,Bags & Pouches,packing cubes,https://www.sesoris.com/blog/packing-cubes,,Scheduled,false
132,pouch serbaguna,ID,Indonesia (loc 2360),90,,commercial,Bags & Pouches,packing cubes,https://www.sesoris.com/blog/packing-cubes,,Scheduled,false
133,organizer makeup,EN,United States (loc 2840),140,0,informational,Bags & Pouches,packing cubes,https://www.sesoris.com/blog/packing-cubes,https://www.sesoris.com/blog/organizer-makeup,Published,true
134,travel organizer bag set 7 in 1,EN,United States (loc 2840),,,commercial,Bags & Pouches,packing cubes,https://www.sesoris.com/blog/packing-cubes,,Scheduled,false
135,tas organizer koper,ID,Indonesia (loc 2360),30,,commercial,Bags & Pouches,packing cubes,https://www.sesoris.com/blog/packing-cubes,,Scheduled,false
136,toiletry bag pria,ID,Indonesia (loc 2360),,,commercial,Bags & Pouches,packing cubes,https://www.sesoris.com/blog/packing-cubes,,Scheduled,false
137,packing cubes compression,EN,United States (loc 2840),2400,12,informational,Bags & Pouches,packing cubes,https://www.sesoris.com/blog/packing-cubes,,Scheduled,false
138,pouch makeup travel kecil,ID,Indonesia (loc 2360),,,commercial,Bags & Pouches,packing cubes,https://www.sesoris.com/blog/packing-cubes,,Scheduled,false
139,tas gadget organizer multifungsi,ID,Indonesia (loc 2360),,,commercial,Bags & Pouches,packing cubes,https://www.sesoris.com/blog/packing-cubes,,Scheduled,false
140,travel pouch anti air,EN,United States (loc 2840),,,commercial,Bags & Pouches,packing cubes,https://www.sesoris.com/blog/packing-cubes,,Scheduled,false
141,cable organizer travel waterproof,EN,United States (loc 2840),,,commercial,Bags & Pouches,packing cubes,https://www.sesoris.com/blog/packing-cubes,,Scheduled,false
142,tas organizer dokumen perjalanan,ID,Indonesia (loc 2360),,,commercial,Bags & Pouches,packing cubes,https://www.sesoris.com/blog/packing-cubes,,Scheduled,false
143,desk organizer,EN,United States (loc 2840),40500,9,transactional,Office & Desk,desk organizer,https://www.sesoris.com/blog/desk-organizer,https://www.sesoris.com/blog/desk-organizer,Published,false
144,rak meja kerja,ID,Indonesia (loc 2360),140,0,commercial,Office & Desk,desk organizer,https://www.sesoris.com/blog/desk-organizer,,Scheduled,false
145,tempat alat tulis,ID,Indonesia (loc 2360),720,0,commercial,Office & Desk,desk organizer,https://www.sesoris.com/blog/desk-organizer,,Scheduled,false
146,desktop organizer,EN,United States (loc 2840),8100,5,commercial,Office & Desk,desk organizer,https://www.sesoris.com/blog/desk-organizer,,Scheduled,false
147,rak buku meja,ID,Indonesia (loc 2360),390,0,commercial,Office & Desk,desk organizer,https://www.sesoris.com/blog/desk-organizer,,Scheduled,false
148,drawer organizer,EN,United States (loc 2840),40500,31,transactional,Office & Desk,desk organizer,https://www.sesoris.com/blog/desk-organizer,,Scheduled,false
149,rak meja belajar anak,ID,Indonesia (loc 2360),,,commercial,Office & Desk,desk organizer,https://www.sesoris.com/blog/desk-organizer,,Scheduled,false
150,organizer meja kantor,ID,Indonesia (loc 2360),40,,commercial,Office & Desk,desk organizer,https://www.sesoris.com/blog/desk-organizer,,Scheduled,false
151,stationery organizer,EN,United States (loc 2840),880,0,transactional,Office & Desk,desk organizer,https://www.sesoris.com/blog/desk-organizer,https://www.sesoris.com/blog/stationery-organizer-ideas,Scheduled,true
152,makeup organizer,EN,United States (loc 2840),140,0,commercial,Office & Desk,desk organizer,https://www.sesoris.com/blog/desk-organizer,https://www.sesoris.com/blog/makeup-organizer-ultimate-guide-beauty-storage-solutions-2026,Scheduled,true
153,cable organizer for desk,EN,United States (loc 2840),5400,0,transactional,Office & Desk,desk organizer,https://www.sesoris.com/blog/desk-organizer,,Scheduled,false
154,monitor stand organizer,EN,United States (loc 2840),210,0,commercial,Office & Desk,desk organizer,https://www.sesoris.com/blog/desk-organizer,,Scheduled,false
155,pen holder organizer,EN,United States (loc 2840),90,0,transactional,Office & Desk,desk organizer,https://www.sesoris.com/blog/desk-organizer,,Scheduled,false
156,desk setup minimalis Indonesia,ID,Indonesia (loc 2360),,,commercial,Office & Desk,desk organizer,https://www.sesoris.com/blog/desk-organizer,,Scheduled,false
157,desk organizer kayu minimalis,ID,Indonesia (loc 2360),,,commercial,Office & Desk,desk organizer,https://www.sesoris.com/blog/desk-organizer,https://www.sesoris.com/blog/desk-organizer,Published,false
158,cable organizer meja kerja,ID,Indonesia (loc 2360),,,commercial,Office & Desk,desk organizer,https://www.sesoris.com/blog/desk-organizer,,Scheduled,false
159,desktop organizer multifungsi,ID,Indonesia (loc 2360),,,commercial,Office & Desk,desk organizer,https://www.sesoris.com/blog/desk-organizer,,Scheduled,false
160,organizer laci meja kantor,ID,Indonesia (loc 2360),,,commercial,Office & Desk,desk organizer,https://www.sesoris.com/blog/desk-organizer,,Scheduled,false
161,alat camping,ID,Indonesia (loc 2360),1900,0,commercial,Outdoor & Travel,dry bag,https://www.sesoris.com/blog/dry-bag,,Scheduled,false
162,travel accessories,EN,United States (loc 2840),6600,8,commercial,Outdoor & Travel,dry bag,https://www.sesoris.com/blog/dry-bag,https://www.sesoris.com/blog/travel-accessories,Published,true
163,tas outdoor,ID,Indonesia (loc 2360),590,0,commercial,Outdoor & Travel,dry bag,https://www.sesoris.com/blog/dry-bag,https://www.sesoris.com/blog/tas-outdoor,Published,true
164,perlengkapan traveling,ID,Indonesia (loc 2360),170,0,commercial,Outdoor & Travel,dry bag,https://www.sesoris.com/blog/dry-bag,,Scheduled,false
165,travel gear,EN,United States (loc 2840),1900,17,informational,Outdoor & Travel,dry bag,https://www.sesoris.com/blog/dry-bag,https://www.sesoris.com/blog/travel-gear,Published,true
166,dry bag,EN,United States (loc 2840),12100,8,transactional,Outdoor & Travel,dry bag,https://www.sesoris.com/blog/dry-bag,https://www.sesoris.com/blog/dry-bag,Published,false
167,outdoor gadget,EN,United States (loc 2840),260,0,transactional,Outdoor & Travel,dry bag,https://www.sesoris.com/blog/dry-bag,,Scheduled,false
168,aksesoris travel,ID,Indonesia (loc 2360),10,,commercial,Outdoor & Travel,dry bag,https://www.sesoris.com/blog/dry-bag,,Scheduled,false
169,kitchen set minimalis murah,ID,Indonesia (loc 2360),30,20,transactional,Buyer Intent,harga rak piring,,,Published,false
170,rak dapur murah,ID,Indonesia (loc 2360),50,54,transactional,Buyer Intent,harga rak piring,,,Scheduled,false
171,jual rak dapur,ID,Indonesia (loc 2360),20,,transactional,Buyer Intent,harga rak piring,,,Scheduled,false
172,harga rak dapur,ID,Indonesia (loc 2360),90,0,transactional,Buyer Intent,harga rak piring,,,Scheduled,false
173,rekomendasi rak piring terbaik,ID,Indonesia (loc 2360),,,commercial,Buyer Intent,harga rak piring,,,Published,false
174,jual storage box,ID,Indonesia (loc 2360),30,,transactional,Buyer Intent,harga rak piring,,,Scheduled,false
175,jual rak piring,ID,Indonesia (loc 2360),140,0,transactional,Buyer Intent,harga rak piring,,,Scheduled,false
176,rak piring murah,ID,Indonesia (loc 2360),170,0,transactional,Buyer Intent,harga rak piring,,,Scheduled,false
177,rak piring terbaik,ID,Indonesia (loc 2360),10,54,commercial,Buyer Intent,harga rak piring,,,Published,false
178,harga rak piring,ID,Indonesia (loc 2360),2900,0,transactional,Buyer Intent,harga rak piring,,,Scheduled,false
179,storage box murah,ID,Indonesia (loc 2360),10,54,transactional,Buyer Intent,harga rak piring,,,Scheduled,false
180,jual rak penyimpanan,ID,Indonesia (loc 2360),,,transactional,Buyer Intent,harga rak piring,,,Scheduled,false
181,harga rak penyimpanan,ID,Indonesia (loc 2360),20,,transactional,Buyer Intent,harga rak piring,,,Scheduled,false
182,rekomendasi rak dapur,ID,Indonesia (loc 2360),10,,commercial,Buyer Intent,harga rak piring,,,Scheduled,false
183,jual wadah makanan,ID,Indonesia (loc 2360),10,,transactional,Buyer Intent,harga rak piring,,,Scheduled,false
184,rekomendasi storage box,EN,United States (loc 2840),0,,commercial,Buyer Intent,harga rak piring,,,Scheduled,false
185,rekomendasi wadah makanan,ID,Indonesia (loc 2360),,,commercial,Buyer Intent,harga rak piring,,,Scheduled,false
186,jual organizer rumah,ID,Indonesia (loc 2360),,,transactional,Buyer Intent,harga rak piring,,,Scheduled,false
187,jual travel organizer,ID,Indonesia (loc 2360),10,,transactional,Buyer Intent,harga rak piring,,,Scheduled,false
188,jual desk organizer,ID,Indonesia (loc 2360),10,,transactional,Buyer Intent,harga rak piring,,https://www.sesoris.com/blog/desk-organizer,Published,false
189,rak dapur terbaik,ID,Indonesia (loc 2360),,,commercial,Buyer Intent,harga rak piring,,,Scheduled,false
190,storage box terbaik,ID,Indonesia (loc 2360),,,commercial,Buyer Intent,harga rak piring,,,Scheduled,false
191,organizer murah,ID,Indonesia (loc 2360),10,,transactional,Buyer Intent,harga rak piring,,,Scheduled,false
192,rak penyimpanan murah,ID,Indonesia (loc 2360),,,transactional,Buyer Intent,harga rak piring,,,Scheduled,false
193,beli rak dapur online,ID,Indonesia (loc 2360),,,transactional,Buyer Intent,harga rak piring,,,Scheduled,false
194,rekomendasi kitchen organizer,EN,United States (loc 2840),,,commercial,Buyer Intent,harga rak piring,,,Scheduled,false
195,rekomendasi travel organizer,EN,United States (loc 2840),,,commercial,Buyer Intent,harga rak piring,,,Scheduled,false
196,wadah makanan terbaik,ID,Indonesia (loc 2360),,,commercial,Buyer Intent,harga rak piring,,,Scheduled,false
197,wadah makanan murah,ID,Indonesia (loc 2360),30,,transactional,Buyer Intent,harga rak piring,,,Scheduled,false
198,beli storage box murah,ID,Indonesia (loc 2360),10,,transactional,Buyer Intent,harga rak piring,,,Scheduled,false
199,rekomendasi desk organizer,EN,United States (loc 2840),,,commercial,Buyer Intent,harga rak piring,,https://www.sesoris.com/blog/desk-organizer,Published,false
200,cara menata rumah kecil agar rapi,ID,Indonesia (loc 2360),20,,informational,Informational,inspirasi dapur minimalis,,,Scheduled,false
201,cara merapikan rumah,ID,Indonesia (loc 2360),40,14,informational,Informational,inspirasi dapur minimalis,,,Scheduled,false
202,cara menata dapur sempit,ID,Indonesia (loc 2360),20,,informational,Informational,inspirasi dapur minimalis,,,Scheduled,false
203,cara menata kamar kost,ID,Indonesia (loc 2360),10,52,informational,Informational,inspirasi dapur minimalis,,,Scheduled,false
204,cara menata rumah minimalis,ID,Indonesia (loc 2360),20,55,informational,Informational,inspirasi dapur minimalis,,,Scheduled,false
205,cara menata dapur minimalis,ID,Indonesia (loc 2360),20,54,informational,Informational,inspirasi dapur minimalis,,,Scheduled,false
206,cara menata dapur agar rapi,ID,Indonesia (loc 2360),50,,informational,Informational,inspirasi dapur minimalis,,,Scheduled,false
207,tips menata rumah minimalis,ID,Indonesia (loc 2360),10,,informational,Informational,inspirasi dapur minimalis,,,Published,false
208,inspirasi dapur minimalis,ID,Indonesia (loc 2360),1300,0,informational,Informational,inspirasi dapur minimalis,,,Scheduled,false
209,cara menyimpan makanan agar tahan lama,ID,Indonesia (loc 2360),,,informational,Informational,inspirasi dapur minimalis,,,Scheduled,false
210,cara merapikan lemari baju,ID,Indonesia (loc 2360),10,,informational,Informational,inspirasi dapur minimalis,,,Scheduled,false
211,cara menata ruang tamu sempit,ID,Indonesia (loc 2360),10,54,informational,Informational,inspirasi dapur minimalis,,,Scheduled,false
212,tips menata dapur kecil,ID,Indonesia (loc 2360),10,,informational,Informational,inspirasi dapur minimalis,,,Scheduled,false
213,tips rumah rapi,ID,Indonesia (loc 2360),20,54,informational,Informational,inspirasi dapur minimalis,,,Scheduled,false
214,tips menata kamar tidur sempit,ID,Indonesia (loc 2360),10,,informational,Informational,inspirasi dapur minimalis,,,Scheduled,false
215,ide menata kamar kost,ID,Indonesia (loc 2360),,,informational,Informational,inspirasi dapur minimalis,,,Scheduled,false
216,inspirasi rumah rapi minimalis,ID,Indonesia (loc 2360),,,informational,Informational,inspirasi dapur minimalis,,,Scheduled,false
217,inspirasi dekorasi dapur,ID,Indonesia (loc 2360),10,,informational,Informational,inspirasi dapur minimalis,,,Scheduled,false
218,cara menata rak piring,ID,Indonesia (loc 2360),10,,informational,Informational,inspirasi dapur minimalis,,,Scheduled,false
219,cara menata meja kerja,ID,Indonesia (loc 2360),10,,informational,Informational,inspirasi dapur minimalis,,,Scheduled,false
220,cara menyimpan bumbu dapur,ID,Indonesia (loc 2360),20,52,informational,Informational,inspirasi dapur minimalis,,,Scheduled,false
221,cara decluttering rumah,ID,Indonesia (loc 2360),,,informational,Informational,inspirasi dapur minimalis,,,Scheduled,false
222,cara packing koper rapi,ID,Indonesia (loc 2360),,,informational,Informational,inspirasi dapur minimalis,,,Scheduled,false
223,tips merapikan rumah sebelum lebaran,ID,Indonesia (loc 2360),,,informational,Informational,inspirasi dapur minimalis,,,Scheduled,false
224,tips packing traveling,EN,United States (loc 2840),10,24,informational,Informational,inspirasi dapur minimalis,,,Scheduled,false
225,tips menyimpan makanan di kulkas,ID,Indonesia (loc 2360),10,54,informational,Informational,inspirasi dapur minimalis,,,Scheduled,false
226,tips menata meja belajar,ID,Indonesia (loc 2360),10,,informational,Informational,inspirasi dapur minimalis,,,Scheduled,false
227,tips dapur bersih dan rapi,ID,Indonesia (loc 2360),10,,informational,Informational,inspirasi dapur minimalis,,,Scheduled,false
228,ide storage rumah,ID,Indonesia (loc 2360),,,informational,Informational,inspirasi dapur minimalis,,,Scheduled,false
229,ide penyimpanan barang di rumah kecil,ID,Indonesia (loc 2360),,,informational,Informational,inspirasi dapur minimalis,,,Scheduled,false
230,ide desk setup minimalis,ID,Indonesia (loc 2360),,,informational,Informational,inspirasi dapur minimalis,,,Scheduled,false
231,ide penataan dapur sempit,ID,Indonesia (loc 2360),,,informational,Informational,inspirasi dapur minimalis,,,Scheduled,false
232,ide menata rumah subsidi,ID,Indonesia (loc 2360),,,informational,Informational,inspirasi dapur minimalis,,,Scheduled,false
233,inspirasi dekorasi kamar tidur,ID,Indonesia (loc 2360),110,0,informational,Informational,inspirasi dapur minimalis,,,Published,false
234,inspirasi rak dinding,ID,Indonesia (loc 2360),50,15,informational,Informational,inspirasi dapur minimalis,,,Scheduled,false
235,panduan metode KonMari,ID,Indonesia (loc 2360),,,informational,Informational,inspirasi dapur minimalis,,,Scheduled,false
236,tips organisasi rumah,ID,Indonesia (loc 2360),,,informational,Informational,inspirasi dapur minimalis,,,Scheduled,false
237,tips menata rak dapur,ID,Indonesia (loc 2360),,,informational,Informational,inspirasi dapur minimalis,,,Scheduled,false
238,ide storage kamar tidur,ID,Indonesia (loc 2360),,,informational,Informational,inspirasi dapur minimalis,,,Scheduled,false
239,inspirasi rak bumbu dapur,ID,Indonesia (loc 2360),10,,informational,Informational,inspirasi dapur minimalis,,,Scheduled,false
240,tips home office rapi,ID,Indonesia (loc 2360),,,informational,Informational,inspirasi dapur minimalis,,,Scheduled,false
241,panduan decluttering rumah,ID,Indonesia (loc 2360),,,informational,Informational,inspirasi dapur minimalis,,https://www.sesoris.com/blog/panduan-decluttering-rumah-untuk-pemula,Scheduled,false
242,rak piring stainless vs plastik,ID,Indonesia (loc 2360),,,commercial,Informational,inspirasi dapur minimalis,,,Scheduled,false
243,wadah makanan plastik vs kaca,ID,Indonesia (loc 2360),,,commercial,Informational,inspirasi dapur minimalis,,,Scheduled,false
244,panduan memilih rak piring,ID,Indonesia (loc 2360),,,informational,Informational,inspirasi dapur minimalis,,,Scheduled,false
245,rak dapur kayu vs besi,ID,Indonesia (loc 2360),,,commercial,Informational,inspirasi dapur minimalis,,,Scheduled,false
246,storage box plastik vs kain,ID,Indonesia (loc 2360),,,commercial,Informational,inspirasi dapur minimalis,,,Scheduled,false
247,panduan memilih storage box,ID,Indonesia (loc 2360),,,informational,Informational,inspirasi dapur minimalis,,,Scheduled,false
248,toples kue lebaran,ID,Indonesia (loc 2360),590,0,commercial,Seasonal,toples kue lebaran,,,Scheduled,false
249,tempat kue lebaran,ID,Indonesia (loc 2360),210,0,commercial,Seasonal,toples kue lebaran,,,Scheduled,false
250,bersih-bersih rumah sebelum lebaran,ID,Indonesia (loc 2360),10,,commercial,Seasonal,toples kue lebaran,,,Scheduled,false
251,dekorasi rumah lebaran,ID,Indonesia (loc 2360),20,0,informational,Seasonal,toples kue lebaran,,,Scheduled,false
252,wadah makanan lebaran,ID,Indonesia (loc 2360),10,,commercial,Seasonal,toples kue lebaran,,,Scheduled,false
253,persiapan rumah ramadan,ID,Indonesia (loc 2360),,,commercial,Seasonal,toples kue lebaran,,,Scheduled,false
254,packing tips liburan,EN,United States (loc 2840),,,informational,Seasonal,toples kue lebaran,,,Scheduled,false
255,rak buku anak minimalis,ID,Indonesia (loc 2360),,,commercial,Seasonal,toples kue lebaran,,,Scheduled,false
256,tempat alat tulis anak,ID,Indonesia (loc 2360),,,commercial,Seasonal,toples kue lebaran,,,Scheduled,false
257,menata dapur sebelum lebaran,ID,Indonesia (loc 2360),,,informational,Seasonal,toples kue lebaran,,,Scheduled,false
258,rak hidangan lebaran,ID,Indonesia (loc 2360),,,commercial,Seasonal,toples kue lebaran,,,Scheduled,false
259,desk organizer anak sekolah,ID,Indonesia (loc 2360),,,commercial,Seasonal,toples kue lebaran,,https://www.sesoris.com/blog/desk-organizer,Published,false
260,promo lebaran home organizer,EN,United States (loc 2840),,,commercial,Seasonal,toples kue lebaran,,,Scheduled,false
261,promo 11.11 rak dapur,ID,Indonesia (loc 2360),,,transactional,Seasonal,toples kue lebaran,,,Scheduled,false
262,travel organizer liburan,EN,United States (loc 2840),,,commercial,Seasonal,toples kue lebaran,,,Scheduled,false
263,diskon 12.12 storage box,EN,United States (loc 2840),,,commercial,Seasonal,toples kue lebaran,,,Scheduled,false
264,tas organizer mudik,ID,Indonesia (loc 2360),,,commercial,Seasonal,toples kue lebaran,,,Scheduled,false
265,storage box baju lebaran,ID,Indonesia (loc 2360),,,commercial,Seasonal,toples kue lebaran,,,Scheduled,false
266,sustainable living tips,EN,United States (loc 2840),320,28,informational,Trending 2026,living sustainable life,https://www.sesoris.com/blog/living-sustainable-life-eco-friendly-home-organization-ideas-2026,https://www.sesoris.com/blog/sustainable-living-tips,Published,true
267,living sustainable life,EN,United States (loc 2840),1900,33,informational,Trending 2026,living sustainable life,https://www.sesoris.com/blog/living-sustainable-life-eco-friendly-home-organization-ideas-2026,https://www.sesoris.com/blog/living-sustainable-life-eco-friendly-home-organization-ideas-2026,Scheduled,false
268,sustainable living,EN,United States (loc 2840),1900,31,informational,Trending 2026,living sustainable life,https://www.sesoris.com/blog/living-sustainable-life-eco-friendly-home-organization-ideas-2026,https://www.sesoris.com/blog/sustainable-living-eco-friendly-home,Scheduled,true
269,aesthetic room organization,EN,United States (loc 2840),10,0,informational,Trending 2026,living sustainable life,https://www.sesoris.com/blog/living-sustainable-life-eco-friendly-home-organization-ideas-2026,,Scheduled,false
270,metode KonMari 2026,ID,Indonesia (loc 2360),,,informational,Trending 2026,living sustainable life,https://www.sesoris.com/blog/living-sustainable-life-eco-friendly-home-organization-ideas-2026,,Scheduled,false
271,japandi style storage,EN,United States (loc 2840),,,informational,Trending 2026,living sustainable life,https://www.sesoris.com/blog/living-sustainable-life-eco-friendly-home-organization-ideas-2026,,Scheduled,false
272,decluttering minimalis,ID,Indonesia (loc 2360),,,commercial,Trending 2026,living sustainable life,https://www.sesoris.com/blog/living-sustainable-life-eco-friendly-home-organization-ideas-2026,,Scheduled,false
273,warm minimalism Indonesia,ID,Indonesia (loc 2360),,,commercial,Trending 2026,living sustainable life,https://www.sesoris.com/blog/living-sustainable-life-eco-friendly-home-organization-ideas-2026,,Scheduled,false
274,multifunctional furniture storage,EN,United States (loc 2840),,,informational,Trending 2026,living sustainable life,https://www.sesoris.com/blog/living-sustainable-life-eco-friendly-home-organization-ideas-2026,,Scheduled,false
275,smart storage rumah kecil,ID,Indonesia (loc 2360),,,commercial,Trending 2026,living sustainable life,https://www.sesoris.com/blog/living-sustainable-life-eco-friendly-home-organization-ideas-2026,,Scheduled,false
276,rak bambu aesthetic,ID,Indonesia (loc 2360),,,commercial,Trending 2026,living sustainable life,https://www.sesoris.com/blog/living-sustainable-life-eco-friendly-home-organization-ideas-2026,,Scheduled,false
277,home organization trend 2026,EN,United States (loc 2840),,,commercial,Trending 2026,living sustainable life,https://www.sesoris.com/blog/living-sustainable-life-eco-friendly-home-organization-ideas-2026,,Scheduled,false
278,sustainable storage bamboo rattan,EN,United States (loc 2840),,,commercial,Trending 2026,living sustainable life,https://www.sesoris.com/blog/living-sustainable-life-eco-friendly-home-organization-ideas-2026,,Scheduled,false
279,eco friendly home organizer,EN,United States (loc 2840),,,commercial,Trending 2026,living sustainable life,https://www.sesoris.com/blog/living-sustainable-life-eco-friendly-home-organization-ideas-2026,,Scheduled,false
280,rak kamar mandi,ID,Indonesia (loc 2360),2400,0,commercial,General storage & organization,cable management,https://www.sesoris.com/blog/cable-management,,Scheduled,false
281,rak kamar mandi minimalis,ID,Indonesia (loc 2360),30,18,commercial,General storage & organization,cable management,https://www.sesoris.com/blog/cable-management,,Scheduled,false
282,organizer kamar mandi,ID,Indonesia (loc 2360),10,,commercial,kitchen organizer ideas,kitchen drawer organizer ideas,https://www.sesoris.com/blog/kitchen-drawer-organizer-ideas-transform-cooking-space-2026,,Scheduled,false
283,cara menata kamar mandi,ID,Indonesia (loc 2360),10,52,informational,General storage & organization,cable management,https://www.sesoris.com/blog/cable-management,,Scheduled,false
284,keranjang laundry,ID,Indonesia (loc 2360),1900,0,commercial,laundry room organization,laundry room organization ideas,https://www.sesoris.com/blog/laundry-room-organization-ideas-small-room,,Scheduled,false
285,tempat baju kotor,ID,Indonesia (loc 2360),880,0,commercial,General storage & organization,cable management,https://www.sesoris.com/blog/cable-management,,Scheduled,false
286,rak mesin cuci,ID,Indonesia (loc 2360),390,0,commercial,General storage & organization,cable management,https://www.sesoris.com/blog/cable-management,,Scheduled,false
287,organizer laundry,EN,United States (loc 2840),2900,6,transactional,kitchen organizer ideas,kitchen drawer organizer ideas,https://www.sesoris.com/blog/kitchen-drawer-organizer-ideas-transform-cooking-space-2026,,Scheduled,false
288,tempat sabun kamar mandi,ID,Indonesia (loc 2360),5400,0,commercial,General storage & organization,cable management,https://www.sesoris.com/blog/cable-management,,Scheduled,false
289,rak shower,ID,Indonesia (loc 2360),20,,commercial,General storage & organization,cable management,https://www.sesoris.com/blog/cable-management,,Scheduled,false
290,rak buku minimalis,ID,Indonesia (loc 2360),6600,0,commercial,General storage & organization,cable management,https://www.sesoris.com/blog/cable-management,,Scheduled,false
291,rak buku dinding,ID,Indonesia (loc 2360),2400,0,commercial,General storage & organization,cable management,https://www.sesoris.com/blog/cable-management,,Scheduled,false
292,lemari pakaian minimalis,ID,Indonesia (loc 2360),2900,0,commercial,General storage & organization,cable management,https://www.sesoris.com/blog/cable-management,,Scheduled,false
293,wardrobe minimalis,ID,Indonesia (loc 2360),90,0,commercial,General storage & organization,cable management,https://www.sesoris.com/blog/cable-management,,Scheduled,false
294,tempat tidur dengan laci,ID,Indonesia (loc 2360),30,,commercial,General storage & organization,cable management,https://www.sesoris.com/blog/cable-management,,Scheduled,false
295,bed storage,EN,United States (loc 2840),1900,0,transactional,shoe storage ideas,shoe storage ideas for small closets,,,Scheduled,false
296,meja tv minimalis,ID,Indonesia (loc 2360),12100,0,commercial,General storage & organization,cable management,https://www.sesoris.com/blog/cable-management,,Scheduled,false
297,rak tv minimalis,ID,Indonesia (loc 2360),6600,0,commercial,General storage & organization,cable management,https://www.sesoris.com/blog/cable-management,,Scheduled,false
298,dekorasi ruang keluarga,ID,Indonesia (loc 2360),260,0,informational,General storage & organization,cable management,https://www.sesoris.com/blog/cable-management,,Scheduled,false
299,ruang keluarga minimalis,ID,Indonesia (loc 2360),880,0,commercial,General storage & organization,cable management,https://www.sesoris.com/blog/cable-management,,Scheduled,false
300,rak monitor,ID,Indonesia (loc 2360),90,,commercial,General storage & organization,cable management,https://www.sesoris.com/blog/cable-management,,Scheduled,false
301,monitor stand meja kerja,ID,Indonesia (loc 2360),,,commercial,General storage & organization,cable management,https://www.sesoris.com/blog/cable-management,,Scheduled,false
302,cable management,EN,United States (loc 2840),14800,14,informational,General storage & organization,cable management,https://www.sesoris.com/blog/cable-management,https://www.sesoris.com/blog/cable-management,Published,false
303,organizer kabel,ID,Indonesia (loc 2360),320,0,commercial,kitchen organizer ideas,kitchen drawer organizer ideas,https://www.sesoris.com/blog/kitchen-drawer-organizer-ideas-transform-cooking-space-2026,https://www.sesoris.com/blog/cable-management,Published,true
304,merapikan kabel,ID,Indonesia (loc 2360),140,,commercial,General storage & organization,cable management,https://www.sesoris.com/blog/cable-management,https://www.sesoris.com/blog/cable-management,Published,false
305,tempat dokumen,ID,Indonesia (loc 2360),880,0,commercial,General storage & organization,cable management,https://www.sesoris.com/blog/cable-management,,Scheduled,false
306,filing cabinet rumah,ID,Indonesia (loc 2360),,,commercial,General storage & organization,cable management,https://www.sesoris.com/blog/cable-management,,Scheduled,false
307,tips kerja dari rumah,ID,Indonesia (loc 2360),10,,informational,Tips,how to organize toys in living room,,,Scheduled,false
308,produktif WFH,ID,Indonesia (loc 2360),,,commercial,General storage & organization,cable management,https://www.sesoris.com/blog/cable-management,,Scheduled,false
309,rak panci,ID,Indonesia (loc 2360),590,0,commercial,General storage & organization,cable management,https://www.sesoris.com/blog/cable-management,,Scheduled,false
310,organizer panci dapur,ID,Indonesia (loc 2360),,,commercial,kitchen organizer ideas,kitchen drawer organizer ideas,https://www.sesoris.com/blog/kitchen-drawer-organizer-ideas-transform-cooking-space-2026,,Scheduled,false
311,organizer kulkas,ID,Indonesia (loc 2360),40,18,commercial,kitchen organizer ideas,kitchen drawer organizer ideas,https://www.sesoris.com/blog/kitchen-drawer-organizer-ideas-transform-cooking-space-2026,https://www.sesoris.com/blog/organizer-kulkas,Published,true
312,rak dalam kulkas,ID,Indonesia (loc 2360),30,,commercial,General storage & organization,cable management,https://www.sesoris.com/blog/cable-management,https://www.sesoris.com/blog/organizer-kulkas,Published,true
313,menata kulkas,ID,Indonesia (loc 2360),10,,informational,General storage & organization,cable management,https://www.sesoris.com/blog/cable-management,https://www.sesoris.com/blog/organizer-kulkas,Published,true
314,rak microwave,ID,Indonesia (loc 2360),320,0,commercial,General storage & organization,cable management,https://www.sesoris.com/blog/cable-management,,Scheduled,false
315,meja microwave minimalis,ID,Indonesia (loc 2360),,,commercial,General storage & organization,cable management,https://www.sesoris.com/blog/cable-management,,Scheduled,false
316,tempat sampah dapur,ID,Indonesia (loc 2360),260,0,commercial,General storage & organization,cable management,https://www.sesoris.com/blog/cable-management,,Scheduled,false
317,tempat pisau dapur,ID,Indonesia (loc 2360),590,0,commercial,General storage & organization,cable management,https://www.sesoris.com/blog/cable-management,,Scheduled,false
318,knife organizer,EN,United States (loc 2840),880,0,transactional,kitchen organizer ideas,kitchen drawer organizer ideas,https://www.sesoris.com/blog/kitchen-drawer-organizer-ideas-transform-cooking-space-2026,,Scheduled,false
319,rak mainan anak,ID,Indonesia (loc 2360),,,commercial,General storage & organization,cable management,https://www.sesoris.com/blog/cable-management,,Scheduled,false
320,toy organizer,EN,United States (loc 2840),14800,1,commercial,kitchen organizer ideas,kitchen drawer organizer ideas,https://www.sesoris.com/blog/kitchen-drawer-organizer-ideas-transform-cooking-space-2026,,Scheduled,false
321,organizer bayi,ID,Indonesia (loc 2360),,,commercial,kitchen organizer ideas,kitchen drawer organizer ideas,https://www.sesoris.com/blog/kitchen-drawer-organizer-ideas-transform-cooking-space-2026,,Scheduled,false
322,perlengkapan bayi,ID,Indonesia (loc 2360),,,commercial,General storage & organization,cable management,https://www.sesoris.com/blog/cable-management,,Scheduled,false
323,meja belajar anak,ID,Indonesia (loc 2360),,,commercial,General storage & organization,cable management,https://www.sesoris.com/blog/cable-management,,Scheduled,false
324,meja belajar minimalis,ID,Indonesia (loc 2360),5400,0,commercial,General storage & organization,cable management,https://www.sesoris.com/blog/cable-management,,Scheduled,false
325,tempat penyimpanan mainan,ID,Indonesia (loc 2360),20,55,commercial,General storage & organization,cable management,https://www.sesoris.com/blog/cable-management,,Scheduled,false
326,toy storage,EN,United States (loc 2840),27100,0,commercial,shoe storage ideas,shoe storage ideas for small closets,,https://www.sesoris.com/blog/toy-storage-ideas-for-living-room-transform-family-space-2026,Scheduled,false
327,vertical garden,EN,United States (loc 2840),9900,13,informational,General storage & organization,cable management,https://www.sesoris.com/blog/cable-management,,Scheduled,false
328,taman vertikal rumah minimalis,ID,Indonesia (loc 2360),10,,commercial,General storage & organization,cable management,https://www.sesoris.com/blog/cable-management,,Scheduled,false
329,rak tanaman,ID,Indonesia (loc 2360),1300,0,commercial,General storage & organization,cable management,https://www.sesoris.com/blog/cable-management,,Scheduled,false
330,plant stand minimalis,ID,Indonesia (loc 2360),,,commercial,General storage & organization,cable management,https://www.sesoris.com/blog/cable-management,,Scheduled,false
331,peralatan berkebun,ID,Indonesia (loc 2360),260,0,commercial,General storage & organization,cable management,https://www.sesoris.com/blog/cable-management,,Scheduled,false
332,alat berkebun,ID,Indonesia (loc 2360),720,0,commercial,General storage & organization,cable management,https://www.sesoris.com/blog/cable-management,,Scheduled,false
333,rak sepeda,ID,Indonesia (loc 2360),390,0,commercial,General storage & organization,cable management,https://www.sesoris.com/blog/cable-management,,Scheduled,false
334,bike storage,EN,United States (loc 2840),8100,12,transactional,shoe storage ideas,shoe storage ideas for small closets,,,Scheduled,false
335,checklist pindah rumah,ID,Indonesia (loc 2360),10,,informational,General storage & organization,cable management,https://www.sesoris.com/blog/cable-management,,Scheduled,false
336,persiapan pindahan,ID,Indonesia (loc 2360),,,commercial,General storage & organization,cable management,https://www.sesoris.com/blog/cable-management,,Scheduled,false
337,belanja hemat rumah,ID,Indonesia (loc 2360),,,commercial,General storage & organization,cable management,https://www.sesoris.com/blog/cable-management,,Scheduled,false
338,perlengkapan rumah baru,ID,Indonesia (loc 2360),70,0,commercial,General storage & organization,cable management,https://www.sesoris.com/blog/cable-management,,Scheduled,false
339,vacuum bag,EN,United States (loc 2840),12100,5,transactional,General storage & organization,cable management,https://www.sesoris.com/blog/cable-management,https://www.sesoris.com/blog/vacuum-storage-bag,Published,true
340,vacuum storage bag,EN,United States (loc 2840),12100,3,transactional,shoe storage ideas,shoe storage ideas for small closets,,https://www.sesoris.com/blog/vacuum-storage-bag,Published,false
341,kantong vakum,ID,Indonesia (loc 2360),90,55,commercial,General storage & organization,cable management,https://www.sesoris.com/blog/cable-management,https://www.sesoris.com/blog/vacuum-storage-bag,Published,true
342,under bed storage,EN,United States (loc 2840),33100,10,transactional,shoe storage ideas,shoe storage ideas for small closets,,https://www.sesoris.com/blog/under-bed-storage,Published,false
343,penyimpanan bawah tempat tidur,ID,Indonesia (loc 2360),,,commercial,General storage & organization,cable management,https://www.sesoris.com/blog/cable-management,https://www.sesoris.com/blog/under-bed-storage,Published,true
344,declutter rumah,ID,Indonesia (loc 2360),40,,commercial,General storage & organization,cable management,https://www.sesoris.com/blog/cable-management,,Scheduled,false
345,cara decluttering,ID,Indonesia (loc 2360),10,,informational,home decluttering tips,tips to decluttering your home,,,Scheduled,false
346,label organizer,EN,United States (loc 2840),170,0,informational,kitchen organizer ideas,kitchen drawer organizer ideas,https://www.sesoris.com/blog/kitchen-drawer-organizer-ideas-transform-cooking-space-2026,https://www.sesoris.com/blog/label-organizer,Published,true
347,labeling penyimpanan,ID,Indonesia (loc 2360),,,commercial,General storage & organization,cable management,https://www.sesoris.com/blog/cable-management,https://www.sesoris.com/blog/label-organizer,Published,true
348,perlengkapan rumah minimalis,ID,Indonesia (loc 2360),10,54,commercial,General storage & organization,cable management,https://www.sesoris.com/blog/cable-management,,Scheduled,false
349,peralatan rumah tangga wajib,ID,Indonesia (loc 2360),,,commercial,General storage & organization,cable management,https://www.sesoris.com/blog/cable-management,,Scheduled,false
350,tren home organization 2026,EN,United States (loc 2840),,,commercial,home office organization,organization ideas for home office,https://www.sesoris.com/blog/organization-ideas-for-home-office-transform-workspace-2026,https://www.sesoris.com/blog/tren-home-organization-2026,Published,true
351,invisible storage,EN,United States (loc 2840),10,,informational,shoe storage ideas,shoe storage ideas for small closets,,https://www.sesoris.com/blog/tren-home-organization-2026,Published,false
352,smart organizer,EN,United States (loc 2840),50,1,commercial,kitchen organizer ideas,kitchen drawer organizer ideas,https://www.sesoris.com/blog/kitchen-drawer-organizer-ideas-transform-cooking-space-2026,https://www.sesoris.com/blog/tren-home-organization-2026,Published,true
353,air tight food storage containers,EN,United States (loc 2840),33100,19,commercial,food storage containers,air tight food storage containers,https://www.sesoris.com/blog/air-tight-food-storage-containers,https://www.sesoris.com/blog/air-tight-food-storage-containers,Planned,false
354,airtight storage containers for food,EN,United States (loc 2840),33100,19,commercial,food storage containers,air tight food storage containers,https://www.sesoris.com/blog/air-tight-food-storage-containers,https://www.sesoris.com/blog/airtight-storage-containers-for-food,Planned,true
355,storage containers food,EN,United States (loc 2840),33100,20,informational,food storage containers,air tight food storage containers,https://www.sesoris.com/blog/air-tight-food-storage-containers,https://www.sesoris.com/blog/storage-containers-food,Planned,true
356,food storage containers airtight,EN,United States (loc 2840),33100,19,commercial,food storage containers,air tight food storage containers,https://www.sesoris.com/blog/air-tight-food-storage-containers,https://www.sesoris.com/blog/food-storage-containers-airtight,Planned,true
357,storage containers for food,EN,United States (loc 2840),33100,20,informational,food storage containers,air tight food storage containers,https://www.sesoris.com/blog/air-tight-food-storage-containers,https://www.sesoris.com/blog/storage-containers-for-food,Planned,true
358,food containers and storage,EN,United States (loc 2840),33100,20,informational,food storage containers,air tight food storage containers,https://www.sesoris.com/blog/air-tight-food-storage-containers,https://www.sesoris.com/blog/food-containers-and-storage,Planned,true
359,storage for food storage containers,EN,United States (loc 2840),33100,20,informational,food storage containers,air tight food storage containers,https://www.sesoris.com/blog/air-tight-food-storage-containers,https://www.sesoris.com/blog/storage-for-food-storage-containers,Planned,true
360,organization closet ideas,EN,United States (loc 2840),22200,31,commercial,closet organization ideas,coat closet organization ideas,https://www.sesoris.com/blog/coat-closet-organization-ideas,https://www.sesoris.com/blog/organization-closet-ideas-transform-storage-space-2026,Planned,true
361,ideas for closet organization,EN,United States (loc 2840),22200,31,informational,closet organization ideas,coat closet organization ideas,https://www.sesoris.com/blog/coat-closet-organization-ideas,https://www.sesoris.com/blog/ideas-for-closet-organization-transform-storage-space-2026,Planned,true
362,ideas of closet organization,EN,United States (loc 2840),22200,31,informational,closet organization ideas,coat closet organization ideas,https://www.sesoris.com/blog/coat-closet-organization-ideas,,Planned,false
363,organization ideas: closet,EN,United States (loc 2840),22200,31,informational,closet organization ideas,coat closet organization ideas,https://www.sesoris.com/blog/coat-closet-organization-ideas,https://www.sesoris.com/blog/organization-ideas-closet-makeover-transform-storage-space-2026,Planned,true
364,ideas on closet organization,EN,United States (loc 2840),22200,31,informational,closet organization ideas,coat closet organization ideas,https://www.sesoris.com/blog/coat-closet-organization-ideas,https://www.sesoris.com/blog/ideas-on-closet-organization-transform-wardrobe-space-2026,Planned,true
365,glass containers for food storage,EN,United States (loc 2840),22200,22,commercial,food storage containers,air tight food storage containers,https://www.sesoris.com/blog/air-tight-food-storage-containers,,Planned,false
366,glass containers food storage,EN,United States (loc 2840),22200,22,commercial,food storage containers,air tight food storage containers,https://www.sesoris.com/blog/air-tight-food-storage-containers,https://www.sesoris.com/blog/glass-containers-food-storage,Planned,true
367,glasslock food storage containers,EN,United States (loc 2840),22200,0,commercial,food storage containers,air tight food storage containers,https://www.sesoris.com/blog/air-tight-food-storage-containers,https://www.sesoris.com/blog/glasslock-food-storage-containers-complete-guide-2026,Planned,true
368,glassware food storage containers,EN,United States (loc 2840),22200,22,commercial,food storage containers,air tight food storage containers,https://www.sesoris.com/blog/air-tight-food-storage-containers,https://www.sesoris.com/blog/glassware-food-storage-containers-ultimate-guide-2026,Planned,true
369,pyrex glass food storage containers,EN,United States (loc 2840),14800,0,commercial,food storage containers,air tight food storage containers,https://www.sesoris.com/blog/air-tight-food-storage-containers,https://www.sesoris.com/blog/pyrex-glass-food-storage-containers-complete-guide-2026,Planned,true
370,glass storage food containers with lids,EN,United States (loc 2840),14800,18,commercial,food storage containers,air tight food storage containers,https://www.sesoris.com/blog/air-tight-food-storage-containers,https://www.sesoris.com/blog/glass-storage-food-containers-with-lids-ultimate-guide-2026,Planned,true
371,glass storage containers for food with lids,EN,United States (loc 2840),14800,18,commercial,food storage containers,air tight food storage containers,https://www.sesoris.com/blog/air-tight-food-storage-containers,https://www.sesoris.com/blog/glass-storage-containers-for-food-with-lids-ultimate-guide-2026,Planned,true
372,glass food storage containers with glass lids,EN,United States (loc 2840),14800,18,commercial,food storage containers,air tight food storage containers,https://www.sesoris.com/blog/air-tight-food-storage-containers,https://www.sesoris.com/blog/glass-food-storage-containers-with-glass-lids-ultimate-guide-2026,Planned,true
373,glass food storage containers with lid,EN,United States (loc 2840),14800,0,commercial,food storage containers,air tight food storage containers,https://www.sesoris.com/blog/air-tight-food-storage-containers,https://www.sesoris.com/blog/glass-food-storage-containers-with-lid-ultimate-guide-2026,Planned,true
374,glass food storage containers glass lids,EN,United States (loc 2840),14800,18,commercial,food storage containers,air tight food storage containers,https://www.sesoris.com/blog/air-tight-food-storage-containers,https://www.sesoris.com/blog/glass-food-storage-containers-glass-lids-ultimate-guide-2026,Planned,true
375,glass food storage containers lids,EN,United States (loc 2840),14800,18,commercial,food storage containers,air tight food storage containers,https://www.sesoris.com/blog/air-tight-food-storage-containers,https://www.sesoris.com/blog/glass-food-storage-containers-lids-complete-guide-replacement-repair-2026,Planned,true
376,glass lid food storage containers,EN,United States (loc 2840),14800,18,commercial,food storage containers,air tight food storage containers,https://www.sesoris.com/blog/air-tight-food-storage-containers,https://www.sesoris.com/blog/glass-lid-food-storage-containers-ultimate-guide-2026,Planned,true
377,glass containers with glass lids for food storage,EN,United States (loc 2840),14800,18,commercial,food storage containers,air tight food storage containers,https://www.sesoris.com/blog/air-tight-food-storage-containers,,Planned,false
378,organization ideas for a small closet,EN,United States (loc 2840),9900,14,commercial,closet organization ideas,coat closet organization ideas,https://www.sesoris.com/blog/coat-closet-organization-ideas,https://www.sesoris.com/blog/organization-ideas-for-a-small-closet-transform-limited-space-2026,Planned,true
379,very small closet organization ideas,EN,United States (loc 2840),9900,15,commercial,closet organization ideas,coat closet organization ideas,https://www.sesoris.com/blog/coat-closet-organization-ideas,https://www.sesoris.com/blog/very-small-closet-organization-ideas-transform-tiny-storage-space-2026,Planned,true
380,organization small closet ideas,EN,United States (loc 2840),9900,14,commercial,closet organization ideas,coat closet organization ideas,https://www.sesoris.com/blog/coat-closet-organization-ideas,https://www.sesoris.com/blog/organization-small-closet-ideas-smart-solutions-transform-tiny-wardrobe-2026,Planned,true
381,pyrex food storage containers,EN,United States (loc 2840),12100,2,commercial,food storage containers,air tight food storage containers,https://www.sesoris.com/blog/air-tight-food-storage-containers,https://www.sesoris.com/blog/pyrex-food-storage-containers-complete-review-buying-guide-2026,Planned,true
382,storage containers dog food,EN,United States (loc 2840),12100,0,transactional,food storage containers,air tight food storage containers,https://www.sesoris.com/blog/air-tight-food-storage-containers,https://www.sesoris.com/blog/storage-containers-dog-food-complete-tutorial-guide-fresh-pet-food-storage-2026,Planned,true
383,food storage containers with lids,EN,United States (loc 2840),9900,5,commercial,food storage containers,air tight food storage containers,https://www.sesoris.com/blog/air-tight-food-storage-containers,https://www.sesoris.com/blog/food-storage-containers-with-lids-complete-guide-2026,Planned,true
384,containers for dog food storage,EN,United States (loc 2840),12100,0,transactional,food storage containers,air tight food storage containers,https://www.sesoris.com/blog/air-tight-food-storage-containers,https://www.sesoris.com/blog/containers-for-dog-food-storage-keep-pet-food-fresh-2026,Planned,true
385,dog food containers & storage,EN,United States (loc 2840),12100,0,commercial,food storage containers,air tight food storage containers,https://www.sesoris.com/blog/air-tight-food-storage-containers,https://www.sesoris.com/blog/dog-food-containers-storage-solutions-2026,Planned,true
386,food storage containers lids,EN,United States (loc 2840),9900,5,commercial,food storage containers,air tight food storage containers,https://www.sesoris.com/blog/air-tight-food-storage-containers,https://www.sesoris.com/blog/food-storage-containers-lids-complete-guide-replacement-repair-organizing-2026,Planned,true
387,lidded food storage containers,EN,United States (loc 2840),9900,5,commercial,food storage containers,air tight food storage containers,https://www.sesoris.com/blog/air-tight-food-storage-containers,https://www.sesoris.com/blog/lidded-food-storage-containers-ultimate-guide-fresh-food-organization-2026,Planned,true
388,food storage containers with lid,EN,United States (loc 2840),9900,5,commercial,food storage containers,air tight food storage containers,https://www.sesoris.com/blog/air-tight-food-storage-containers,https://www.sesoris.com/blog/food-storage-containers-with-lid-complete-guide-2026,Planned,true
389,organization pantry ideas,EN,United States (loc 2840),9900,8,commercial,pantry organization ideas,kitchen pantry organization ideas,https://www.sesoris.com/blog/kitchen-pantry-organization-ideas,https://www.sesoris.com/blog/organization-pantry-ideas-transform-kitchen-storage-2026,Planned,true
390,organization ideas for pantry,EN,United States (loc 2840),9900,5,informational,pantry organization ideas,kitchen pantry organization ideas,https://www.sesoris.com/blog/kitchen-pantry-organization-ideas,https://www.sesoris.com/blog/organization-ideas-for-pantry-transform-kitchen-storage-2026,Planned,true
391,plastic storage containers food,EN,United States (loc 2840),9900,14,commercial,food storage containers,air tight food storage containers,https://www.sesoris.com/blog/air-tight-food-storage-containers,https://www.sesoris.com/blog/plastic-storage-containers-food-complete-guide-2026,Planned,true
392,plastic storage containers for food,EN,United States (loc 2840),9900,14,commercial,food storage containers,air tight food storage containers,https://www.sesoris.com/blog/air-tight-food-storage-containers,https://www.sesoris.com/blog/plastic-storage-containers-for-food-complete-guide-safe-food-storage-2026,Planned,true
393,storage containers for food bpa free,EN,United States (loc 2840),9900,12,commercial,food storage containers,air tight food storage containers,https://www.sesoris.com/blog/air-tight-food-storage-containers,https://www.sesoris.com/blog/storage-containers-for-food-bpa-free-complete-tutorial-guide-2026,Planned,true
394,bpa-free food storage containers,EN,United States (loc 2840),9900,12,commercial,food storage containers,air tight food storage containers,https://www.sesoris.com/blog/air-tight-food-storage-containers,https://www.sesoris.com/blog/bpa-free-food-storage-containers-complete-guide-safe-food-storage-2026,Planned,true
395,food storage containers bpa free,EN,United States (loc 2840),9900,12,commercial,food storage containers,air tight food storage containers,https://www.sesoris.com/blog/air-tight-food-storage-containers,https://www.sesoris.com/blog/food-storage-containers-bpa-free-ultimate-guide-safe-food-storage-2026,Planned,true
396,storage solutions in garage,EN,United States (loc 2840),6600,26,commercial,garage storage solutions,garage storage solutions costco,https://www.sesoris.com/blog/garage-storage-solutions-costco-complete-review-buying-guide-2026,https://www.sesoris.com/blog/storage-solutions-in-garage-transform-space-organized-haven-2026,Planned,true
397,storage garage solutions,EN,United States (loc 2840),6600,26,commercial,garage storage solutions,garage storage solutions costco,https://www.sesoris.com/blog/garage-storage-solutions-costco-complete-review-buying-guide-2026,https://www.sesoris.com/blog/storage-garage-solutions-transform-organized-space-2026,Planned,true
398,storage solutions for a garage,EN,United States (loc 2840),6600,26,commercial,garage storage solutions,garage storage solutions costco,https://www.sesoris.com/blog/garage-storage-solutions-costco-complete-review-buying-guide-2026,https://www.sesoris.com/blog/storage-solutions-for-a-garage-transform-your-space-2026,Planned,true
399,storage solutions for the garage,EN,United States (loc 2840),6600,26,commercial,garage storage solutions,garage storage solutions costco,https://www.sesoris.com/blog/garage-storage-solutions-costco-complete-review-buying-guide-2026,,Planned,false
400,storage solutions for garage,EN,United States (loc 2840),6600,26,commercial,garage storage solutions,garage storage solutions costco,https://www.sesoris.com/blog/garage-storage-solutions-costco-complete-review-buying-guide-2026,https://www.sesoris.com/blog/storage-solutions-for-garage-organization-transform-space-2026,Planned,true
401,organization laundry room,EN,United States (loc 2840),6600,0,navigational,laundry room organization,laundry room organization ideas,https://www.sesoris.com/blog/laundry-room-organization-ideas-small-room,https://www.sesoris.com/blog/organization-laundry-room-ultimate-guide-transform-space-2026,Planned,true
402,organization for laundry room,EN,United States (loc 2840),6600,0,transactional,laundry room organization,laundry room organization ideas,https://www.sesoris.com/blog/laundry-room-organization-ideas-small-room,https://www.sesoris.com/blog/organization-for-laundry-room-complete-guide-transform-space-2026,Planned,true
403,ideas for shoe storage,EN,United States (loc 2840),6600,2,commercial,shoe storage ideas,shoe storage ideas for small closets,,https://www.sesoris.com/blog/ideas-for-shoe-storage-in-closet-transform-wardrobe-organization-2026,Planned,false
404,ideas shoe storage,EN,United States (loc 2840),6600,2,commercial,shoe storage ideas,shoe storage ideas for small closets,,https://www.sesoris.com/blog/ideas-shoe-storage-transform-home-organization-2026,Planned,false
405,rubbermaid brilliance food storage containers,EN,United States (loc 2840),12100,13,commercial,food storage containers,air tight food storage containers,https://www.sesoris.com/blog/air-tight-food-storage-containers,https://www.sesoris.com/blog/rubbermaid-brilliance-food-storage-containers-ultimate-guide-2026,Planned,true
406,organization ideas for small closet,EN,United States (loc 2840),9900,6,commercial,closet organization ideas,coat closet organization ideas,https://www.sesoris.com/blog/coat-closet-organization-ideas,https://www.sesoris.com/blog/organization-ideas-for-small-closet-transform-tiny-space-2026,Planned,true
407,pet food storage containers,EN,United States (loc 2840),6600,0,transactional,food storage containers,air tight food storage containers,https://www.sesoris.com/blog/air-tight-food-storage-containers,https://www.sesoris.com/blog/pet-food-storage-containers-complete-guide-2026,Planned,true
408,pretty food storage containers,EN,United States (loc 2840),6600,0,commercial,food storage containers,air tight food storage containers,https://www.sesoris.com/blog/air-tight-food-storage-containers,https://www.sesoris.com/blog/pretty-food-storage-containers-stylish-kitchen-organization-2026,Planned,true
409,best food storage containers glass,EN,United States (loc 2840),6600,8,commercial,food storage containers,air tight food storage containers,https://www.sesoris.com/blog/air-tight-food-storage-containers,https://www.sesoris.com/blog/best-food-storage-containers-glass-ultimate-guide-premium-kitchen-organization-2026,Planned,true
410,storage containers for pet food,EN,United States (loc 2840),6600,0,transactional,food storage containers,air tight food storage containers,https://www.sesoris.com/blog/air-tight-food-storage-containers,https://www.sesoris.com/blog/storage-containers-for-pet-food-ultimate-guide-keeping-fresh-2026,Planned,true
411,best glass storage containers for food,EN,United States (loc 2840),6600,8,commercial,food storage containers,air tight food storage containers,https://www.sesoris.com/blog/air-tight-food-storage-containers,https://www.sesoris.com/blog/best-glass-storage-containers-for-food-ultimate-guide-safe-kitchen-storage-2026,Planned,true
412,top rated glass food storage containers,EN,United States (loc 2840),6600,8,commercial,food storage containers,air tight food storage containers,https://www.sesoris.com/blog/air-tight-food-storage-containers,https://www.sesoris.com/blog/top-rated-glass-food-storage-containers-ultimate-guide-premium-food-organization-2026,Planned,true
413,kitchen organizer ideas,EN,United States (loc 2840),4400,37,commercial,kitchen organizer ideas,kitchen drawer organizer ideas,https://www.sesoris.com/blog/kitchen-drawer-organizer-ideas-transform-cooking-space-2026,https://www.sesoris.com/blog/kitchen-organizer-ideas-transform-cooking-space-2026,Planned,true
414,organizer ideas for kitchen,EN,United States (loc 2840),4400,37,commercial,kitchen organizer ideas,kitchen drawer organizer ideas,https://www.sesoris.com/blog/kitchen-drawer-organizer-ideas-transform-cooking-space-2026,https://www.sesoris.com/blog/organizer-ideas-for-kitchen-transform-cooking-space-2026,Planned,true
415,pantry food storage containers,EN,United States (loc 2840),4400,20,commercial,food storage containers,air tight food storage containers,https://www.sesoris.com/blog/air-tight-food-storage-containers,https://www.sesoris.com/blog/pantry-food-storage-containers-complete-organization-guide-2026,Planned,true
416,stainless steel food storage containers,EN,United States (loc 2840),5400,0,commercial,food storage containers,air tight food storage containers,https://www.sesoris.com/blog/air-tight-food-storage-containers,https://www.sesoris.com/blog/stainless-steel-food-storage-containers-ultimate-guide-durable-food-storage-2026,Planned,true
417,stainless food storage containers,EN,United States (loc 2840),5400,9,commercial,food storage containers,air tight food storage containers,https://www.sesoris.com/blog/air-tight-food-storage-containers,https://www.sesoris.com/blog/stainless-food-storage-containers-ultimate-guide-durable-kitchen-organization-2026,Planned,true
418,food storage containers for pantry,EN,United States (loc 2840),4400,17,commercial,food storage containers,air tight food storage containers,https://www.sesoris.com/blog/air-tight-food-storage-containers,https://www.sesoris.com/blog/food-storage-containers-for-pantry-complete-guide-organization-2026,Planned,true
419,kitchen food storage containers,EN,United States (loc 2840),4400,24,commercial,food storage containers,air tight food storage containers,https://www.sesoris.com/blog/air-tight-food-storage-containers,https://www.sesoris.com/blog/kitchen-food-storage-containers-ultimate-guide-fresh-food-organization-2026,Planned,true
420,airtight pet food storage containers,EN,United States (loc 2840),4400,0,commercial,food storage containers,air tight food storage containers,https://www.sesoris.com/blog/air-tight-food-storage-containers,https://www.sesoris.com/blog/airtight-pet-food-storage-containers-ultimate-guide-fresh-pet-food-2026,Planned,true
421,food storage containers for rice,EN,United States (loc 2840),4400,0,informational,food storage containers,air tight food storage containers,https://www.sesoris.com/blog/air-tight-food-storage-containers,https://www.sesoris.com/blog/food-storage-containers-for-rice-ultimate-guide-fresh-rice-storage-2026,Planned,true
422,airtight storage containers for pet food,EN,United States (loc 2840),4400,0,commercial,food storage containers,air tight food storage containers,https://www.sesoris.com/blog/air-tight-food-storage-containers,,Planned,false
423,rice food storage containers,EN,United States (loc 2840),4400,0,commercial,food storage containers,air tight food storage containers,https://www.sesoris.com/blog/air-tight-food-storage-containers,https://www.sesoris.com/blog/rice-food-storage-containers-ultimate-guide-fresh-rice-storage-2026,Planned,true
424,food storage containers for kitchen,EN,United States (loc 2840),4400,27,commercial,food storage containers,air tight food storage containers,https://www.sesoris.com/blog/air-tight-food-storage-containers,https://www.sesoris.com/blog/food-storage-containers-for-kitchen-ultimate-2026-guide-fresh-food-organization,Planned,true
425,bathroom storage solutions,EN,United States (loc 2840),2900,14,commercial,bathroom storage solutions,bathroom storage solutions for small spaces,,,Planned,false
426,storage solutions for bathroom,EN,United States (loc 2840),2900,14,commercial,bathroom storage solutions,bathroom storage solutions for small spaces,,https://www.sesoris.com/blog/storage-solutions-for-bathroom-transform-space-smart-organization-2026,Planned,false
427,rubbermaid food storage containers,EN,United States (loc 2840),4400,10,commercial,food storage containers,air tight food storage containers,https://www.sesoris.com/blog/air-tight-food-storage-containers,https://www.sesoris.com/blog/rubbermaid-food-storage-containers-complete-guide-premium-kitchen-organization-2026,Planned,true
428,best storage food containers,EN,United States (loc 2840),3600,20,commercial,food storage containers,air tight food storage containers,https://www.sesoris.com/blog/air-tight-food-storage-containers,https://www.sesoris.com/blog/best-storage-food-containers-ultimate-2026-guide-fresh-food-organization,Planned,true
429,freezable food storage containers,EN,United States (loc 2840),2900,0,commercial,food storage containers,air tight food storage containers,https://www.sesoris.com/blog/air-tight-food-storage-containers,https://www.sesoris.com/blog/freezable-food-storage-containers-ultimate-guide-safe-freezer-organization-2026,Planned,true
430,storage ideas for small space,EN,United States (loc 2840),2900,12,informational,small space storage ideas,storage ideas for small space,https://www.sesoris.com/blog/storage-ideas-for-small-space-transform-tiny-home-2026,https://www.sesoris.com/blog/storage-ideas-for-small-space-transform-tiny-home-2026,Planned,false
431,storage ideas small space,EN,United States (loc 2840),2900,12,commercial,small space storage ideas,storage ideas for small space,https://www.sesoris.com/blog/storage-ideas-for-small-space-transform-tiny-home-2026,https://www.sesoris.com/blog/storage-ideas-small-space-transform-tiny-home-2026,Planned,true
432,kitchen cupboards organizer ideas,EN,United States (loc 2840),1900,24,commercial,kitchen organizer ideas,kitchen drawer organizer ideas,https://www.sesoris.com/blog/kitchen-drawer-organizer-ideas-transform-cooking-space-2026,https://www.sesoris.com/blog/kitchen-cupboards-organizer-ideas-transform-storage-space-2026,Planned,true
433,kitchen cabinet organizer ideas,EN,United States (loc 2840),1900,24,commercial,kitchen organizer ideas,kitchen drawer organizer ideas,https://www.sesoris.com/blog/kitchen-drawer-organizer-ideas-transform-cooking-space-2026,https://www.sesoris.com/blog/kitchen-cabinet-organizer-ideas-transform-cooking-space-2026,Planned,true
434,kitchen cabinets organizer ideas,EN,United States (loc 2840),1900,24,commercial,kitchen organizer ideas,kitchen drawer organizer ideas,https://www.sesoris.com/blog/kitchen-drawer-organizer-ideas-transform-cooking-space-2026,https://www.sesoris.com/blog/kitchen-cabinets-organizer-ideas,Published,true
435,laundry room organization ideas,EN,United States (loc 2840),1900,1,commercial,laundry room organization,laundry room organization ideas,https://www.sesoris.com/blog/laundry-room-organization-ideas-small-room,https://www.sesoris.com/blog/laundry-room-organization-ideas-small-room,Planned,false
436,laundry room organization tips,EN,United States (loc 2840),1900,3,informational,laundry room organization,laundry room organization ideas,https://www.sesoris.com/blog/laundry-room-organization-ideas-small-room,https://www.sesoris.com/blog/laundry-room-organization-tips-transform-space-2026,Planned,true
437,ideas for laundry room organization,EN,United States (loc 2840),1900,1,commercial,laundry room organization,laundry room organization ideas,https://www.sesoris.com/blog/laundry-room-organization-ideas-small-room,https://www.sesoris.com/blog/ideas-for-laundry-room-organization-transform-space-2026,Planned,true
438,closet organization ideas ikea,EN,United States (loc 2840),1600,9,navigational,closet organization ideas,coat closet organization ideas,https://www.sesoris.com/blog/coat-closet-organization-ideas,https://www.sesoris.com/blog/closet-organization-ideas-ikea,Published,true
439,best garage storage solutions,EN,United States (loc 2840),1300,4,commercial,garage storage solutions,garage storage solutions costco,https://www.sesoris.com/blog/garage-storage-solutions-costco-complete-review-buying-guide-2026,https://www.sesoris.com/blog/best-garage-storage-solutions-transform-space-organized-haven-2026,Planned,true
440,small pantry organization ideas,EN,United States (loc 2840),1300,3,commercial,pantry organization ideas,kitchen pantry organization ideas,https://www.sesoris.com/blog/kitchen-pantry-organization-ideas,https://www.sesoris.com/blog/small-pantry-organization-ideas-transform-kitchen-storage-2026,Planned,true
441,shelf on wall ideas,EN,United States (loc 2840),1600,23,commercial,wall shelf ideas,bedroom wall shelf ideas,https://www.sesoris.com/blog/bedroom-wall-shelf-ideas-transform-sleep-space-2026,https://www.sesoris.com/blog/shelf-on-wall-ideas-transform-space-2026,Planned,true
442,shelf wall ideas,EN,United States (loc 2840),1600,23,informational,wall shelf ideas,bedroom wall shelf ideas,https://www.sesoris.com/blog/bedroom-wall-shelf-ideas-transform-sleep-space-2026,https://www.sesoris.com/blog/shelf-wall-ideas-transform-living-space-2026,Planned,true
443,shelf in wall ideas,EN,United States (loc 2840),1600,23,informational,wall shelf ideas,bedroom wall shelf ideas,https://www.sesoris.com/blog/bedroom-wall-shelf-ideas-transform-sleep-space-2026,https://www.sesoris.com/blog/shelf-in-wall-ideas-transform-living-space-2026,Planned,true
444,wall to wall shelf ideas,EN,United States (loc 2840),1600,23,commercial,wall shelf ideas,bedroom wall shelf ideas,https://www.sesoris.com/blog/bedroom-wall-shelf-ideas-transform-sleep-space-2026,https://www.sesoris.com/blog/wall-to-wall-shelf-ideas-transform-home-storage-2026,Planned,true
445,craft storage room,EN,United States (loc 2840),1600,2,navigational,craft room storage,craft room furniture and storage,https://www.sesoris.com/blog/craft-room-furniture-and-storage-complete-review-buying-guide-2026,https://www.sesoris.com/blog/craft-storage-room-ideas-transform-creative-space-smart-organization-2026,Planned,true
446,walk in closet organization ideas,EN,United States (loc 2840),1000,7,commercial,closet organization ideas,coat closet organization ideas,https://www.sesoris.com/blog/coat-closet-organization-ideas,https://www.sesoris.com/blog/walk-in-closet-organization-ideas-transform-dream-wardrobe-2026,Planned,true
447,ideas for linen closet organization,EN,United States (loc 2840),1600,0,informational,closet organization ideas,coat closet organization ideas,https://www.sesoris.com/blog/coat-closet-organization-ideas,https://www.sesoris.com/blog/ideas-for-linen-closet-organization-transform-storage-space-2026,Planned,true
448,walk-in closet organization ideas,EN,United States (loc 2840),1000,7,commercial,closet organization ideas,coat closet organization ideas,https://www.sesoris.com/blog/coat-closet-organization-ideas,https://www.sesoris.com/blog/walk-in-closet-organization-ideas-transform-dream-wardrobe-2026,Planned,true
449,linen closet organization ideas,EN,United States (loc 2840),1600,0,commercial,closet organization ideas,coat closet organization ideas,https://www.sesoris.com/blog/coat-closet-organization-ideas,https://www.sesoris.com/blog/linen-closet-organization-ideas-smart-ways-transform-storage-space-2026,Planned,true
450,walkin closet organization ideas,EN,United States (loc 2840),1000,7,commercial,closet organization ideas,coat closet organization ideas,https://www.sesoris.com/blog/coat-closet-organization-ideas,https://www.sesoris.com/blog/walkin-closet-organization-ideas-transform-dream-storage-space-2026,Planned,true
451,shoe storage ideas for small space,EN,United States (loc 2840),1300,2,commercial,small space storage ideas,storage ideas for small space,https://www.sesoris.com/blog/storage-ideas-for-small-space-transform-tiny-home-2026,https://www.sesoris.com/blog/shoe-storage-ideas-for-small-space,Published,true
452,shoe storage ideas small space,EN,United States (loc 2840),1300,2,commercial,small space storage ideas,storage ideas for small space,https://www.sesoris.com/blog/storage-ideas-for-small-space-transform-tiny-home-2026,https://www.sesoris.com/blog/shoe-storage-ideas-small-space-transform-entryway-2026,Planned,true
453,ideas for shoe storage in small space,EN,United States (loc 2840),1300,2,commercial,small space storage ideas,storage ideas for small space,https://www.sesoris.com/blog/storage-ideas-for-small-space-transform-tiny-home-2026,https://www.sesoris.com/blog/ideas-for-shoe-storage-in-small-space-transform-home-2026,Planned,true
454,small entryway shoe storage ideas,EN,United States (loc 2840),1300,0,commercial,shoe storage ideas,shoe storage ideas for small closets,,https://www.sesoris.com/blog/small-entryway-shoe-storage-ideas-smart-solutions-tiny-spaces-2026,Planned,false
455,shoe storage ideas for small entryway,EN,United States (loc 2840),1300,0,commercial,shoe storage ideas,shoe storage ideas for small closets,,https://www.sesoris.com/blog/shoe-storage-ideas-for-small-entryway,Published,false
456,shoe storage ideas for small spaces,EN,United States (loc 2840),1300,0,commercial,shoe storage ideas,shoe storage ideas for small closets,,https://www.sesoris.com/blog/shoe-storage-ideas-for-small-spaces,Published,false
457,shoe storage ideas for small entryways,EN,United States (loc 2840),1300,0,commercial,shoe storage ideas,shoe storage ideas for small closets,,https://www.sesoris.com/blog/shoe-storage-ideas-for-small-entryways-transform-tiny-space-2026,Planned,false
458,wall shelf storage ideas,EN,United States (loc 2840),1000,45,commercial,wall shelf ideas,bedroom wall shelf ideas,https://www.sesoris.com/blog/bedroom-wall-shelf-ideas-transform-sleep-space-2026,https://www.sesoris.com/blog/wall-shelf-storage-ideas-transform-home-organization-2026,Planned,true
459,cleaning supply organization,EN,United States (loc 2840),1300,0,commercial,cleaning organization,cleaning supply organization,https://www.sesoris.com/blog/cleaning-supply-organization-ultimate-guide-transform-home-storage-2026,https://www.sesoris.com/blog/cleaning-supply-organization-ultimate-guide-transform-home-storage-2026,Planned,false
460,cleaning supplies organization,EN,United States (loc 2840),1300,0,commercial,cleaning organization,cleaning supply organization,https://www.sesoris.com/blog/cleaning-supply-organization-ultimate-guide-transform-home-storage-2026,,Planned,false
461,closet organization for nursery,EN,United States (loc 2840),1300,0,commercial,nursery organization,nursery organization,https://www.sesoris.com/blog/nursery-organization-dresser-guide-transform-baby-space-2026,https://www.sesoris.com/blog/closet-organization-for-nursery-ultimate-guide-perfect-baby-storage-2026,Planned,true
462,closet organization nursery,EN,United States (loc 2840),1300,0,navigational,nursery organization,nursery organization,https://www.sesoris.com/blog/nursery-organization-dresser-guide-transform-baby-space-2026,https://www.sesoris.com/blog/closet-organization-nursery-ultimate-guide-creating-perfect-baby-storage-2026,Planned,true
463,home and office organization,EN,United States (loc 2840),880,4,commercial,home office organization,organization ideas for home office,https://www.sesoris.com/blog/organization-ideas-for-home-office-transform-workspace-2026,https://www.sesoris.com/blog/home-and-office-organization-complete-guide-transform-workspace-2026,Planned,true
464,home organization office,EN,United States (loc 2840),880,4,navigational,home office organization,organization ideas for home office,https://www.sesoris.com/blog/organization-ideas-for-home-office-transform-workspace-2026,https://www.sesoris.com/blog/home-organization-office-transform-workspace-smart-storage-solutions-2026,Planned,true
465,organization for home office,EN,United States (loc 2840),880,4,informational,home office organization,organization ideas for home office,https://www.sesoris.com/blog/organization-ideas-for-home-office-transform-workspace-2026,https://www.sesoris.com/blog/organization-for-home-office-complete-guide-maximum-productivity-2026,Planned,true
466,organization of home office,EN,United States (loc 2840),880,4,informational,home office organization,organization ideas for home office,https://www.sesoris.com/blog/organization-ideas-for-home-office-transform-workspace-2026,https://www.sesoris.com/blog/organization-of-home-office-complete-guide-transform-workspace-2026,Planned,true
467,ikea garage storage solutions,EN,United States (loc 2840),1000,2,commercial,garage storage solutions,garage storage solutions costco,https://www.sesoris.com/blog/garage-storage-solutions-costco-complete-review-buying-guide-2026,https://www.sesoris.com/blog/ikea-garage-storage-solutions-complete-guide-organizing-garage-2026,Planned,true
468,entryway wall organization,EN,United States (loc 2840),1000,0,transactional,entryway organization,entryway organization,https://www.sesoris.com/blog/entryway-organization-complete-guide-welcoming-clutter-free-home-2026,https://www.sesoris.com/blog/entryway-wall-organization-smart-ideas-transform-home-first-impression-2026,Planned,true
469,living room toy storage ideas,EN,United States (loc 2840),1000,0,commercial,living room storage ideas,living room toy storage ideas,https://www.sesoris.com/blog/living-room-toy-storage-ideas,https://www.sesoris.com/blog/living-room-toy-storage-ideas,Published,false
470,toy storage ideas in living room,EN,United States (loc 2840),1000,0,commercial,living room storage ideas,living room toy storage ideas,https://www.sesoris.com/blog/living-room-toy-storage-ideas,https://www.sesoris.com/blog/toy-storage-ideas-in-living-room,Published,true
471,ideas for toy storage in living room,EN,United States (loc 2840),1000,0,commercial,living room storage ideas,living room toy storage ideas,https://www.sesoris.com/blog/living-room-toy-storage-ideas,https://www.sesoris.com/blog/ideas-for-toy-storage-in-living-room,Published,true
472,storage ideas for toys in living room,EN,United States (loc 2840),1000,0,commercial,living room storage ideas,living room toy storage ideas,https://www.sesoris.com/blog/living-room-toy-storage-ideas,https://www.sesoris.com/blog/storage-ideas-for-toys-in-living-room-transform-family-space-2026,Planned,true
473,living room toys storage ideas,EN,United States (loc 2840),1000,0,commercial,living room storage ideas,living room toy storage ideas,https://www.sesoris.com/blog/living-room-toy-storage-ideas,https://www.sesoris.com/blog/living-room-toys-storage-ideas-transform-family-space-2026,Planned,true
474,storage ideas in living room,EN,United States (loc 2840),880,0,commercial,living room storage ideas,living room toy storage ideas,https://www.sesoris.com/blog/living-room-toy-storage-ideas,https://www.sesoris.com/blog/storage-ideas-in-living-room-transform-space-2026,Planned,true
475,ideas for living room storage,EN,United States (loc 2840),880,0,commercial,living room storage ideas,living room toy storage ideas,https://www.sesoris.com/blog/living-room-toy-storage-ideas,https://www.sesoris.com/blog/ideas-for-living-room-storage-transform-space-smart-solutions-2026,Planned,true
476,living room storage ideas,EN,United States (loc 2840),880,0,commercial,living room storage ideas,living room toy storage ideas,https://www.sesoris.com/blog/living-room-toy-storage-ideas,https://www.sesoris.com/blog/living-room-storage-ideas-for-toys,Planned,true
477,toy storage ideas for living room,EN,United States (loc 2840),1000,0,commercial,living room storage ideas,living room toy storage ideas,https://www.sesoris.com/blog/living-room-toy-storage-ideas,https://www.sesoris.com/blog/toy-storage-ideas-for-living-room-transform-family-space-2026,Planned,true
478,living room storage ideas for toys,EN,United States (loc 2840),1000,0,commercial,living room storage ideas,living room toy storage ideas,https://www.sesoris.com/blog/living-room-toy-storage-ideas,https://www.sesoris.com/blog/living-room-storage-ideas-for-toys,Published,true
479,ideas for storage in living room,EN,United States (loc 2840),880,0,informational,living room storage ideas,living room toy storage ideas,https://www.sesoris.com/blog/living-room-toy-storage-ideas,https://www.sesoris.com/blog/ideas-for-storage-in-living-room-transform-space-2026,Planned,true
480,storage ideas for the living room,EN,United States (loc 2840),880,0,commercial,living room storage ideas,living room toy storage ideas,https://www.sesoris.com/blog/living-room-toy-storage-ideas,https://www.sesoris.com/blog/storage-ideas-for-the-living-room,Published,true
481,shoe entryway storage ideas,EN,United States (loc 2840),1000,0,commercial,shoe storage ideas,shoe storage ideas for small closets,,https://www.sesoris.com/blog/shoe-entryway-storage-ideas,Published,false
482,mudroom shoe storage ideas,EN,United States (loc 2840),1000,0,commercial,shoe storage ideas,shoe storage ideas for small closets,,https://www.sesoris.com/blog/mudroom-shoe-storage-ideas-transform-entryway-2026,Planned,false
483,shoe storage diy ideas,EN,United States (loc 2840),1000,4,commercial,shoe storage ideas,shoe storage ideas for small closets,,https://www.sesoris.com/blog/shoe-storage-diy-ideas-transform-home-organization-2026,Planned,false
484,shoe storage ideas garage,EN,United States (loc 2840),1000,0,commercial,shoe storage ideas,shoe storage ideas for small closets,,https://www.sesoris.com/blog/shoe-storage-ideas-garage,Published,false
485,ideas for shoe storage in mudroom,EN,United States (loc 2840),1000,0,commercial,shoe storage ideas,shoe storage ideas for small closets,,https://www.sesoris.com/blog/ideas-for-shoe-storage-in-mudroom,Published,false
486,shoe storage ideas for garage,EN,United States (loc 2840),1000,0,commercial,shoe storage ideas,shoe storage ideas for small closets,,https://www.sesoris.com/blog/shoe-storage-ideas-for-garage,Published,false
487,shoe storage ideas for entryway,EN,United States (loc 2840),1000,0,commercial,shoe storage ideas,shoe storage ideas for small closets,,https://www.sesoris.com/blog/shoe-storage-ideas-for-entryway,Published,false
488,ideas for shoe storage in garage,EN,United States (loc 2840),1000,0,commercial,shoe storage ideas,shoe storage ideas for small closets,,https://www.sesoris.com/blog/ideas-for-shoe-storage-in-garage,Published,false
489,entrance shoe storage ideas,EN,United States (loc 2840),1000,0,commercial,shoe storage ideas,shoe storage ideas for small closets,,https://www.sesoris.com/blog/entrance-shoe-storage-ideas-transform-home-first-impression-2026,Planned,false
490,diy ideas for shoe storage,EN,United States (loc 2840),1000,0,commercial,shoe storage ideas,shoe storage ideas for small closets,,https://www.sesoris.com/blog/diy-ideas-for-shoe-storage,Published,false
491,closet shoe storage ideas,EN,United States (loc 2840),880,11,commercial,shoe storage ideas,shoe storage ideas for small closets,,https://www.sesoris.com/blog/closet-shoe-storage-ideas,Published,false
492,shoe storage in garage ideas,EN,United States (loc 2840),1000,0,commercial,shoe storage ideas,shoe storage ideas for small closets,,https://www.sesoris.com/blog/shoe-storage-in-garage-ideas-transform-space-2026,Planned,false
493,ideas for shoe storage in entryway,EN,United States (loc 2840),1000,0,commercial,shoe storage ideas,shoe storage ideas for small closets,,https://www.sesoris.com/blog/ideas-for-shoe-storage-in-entryway,Published,false
494,cleaning organization,EN,United States (loc 2840),1000,69,informational,cleaning organization,cleaning supply organization,https://www.sesoris.com/blog/cleaning-supply-organization-ultimate-guide-transform-home-storage-2026,https://www.sesoris.com/blog/cleaning-organization-expert-tips-transform-home-storage-systems-2026,Planned,true
495,organization and cleaning services,EN,United States (loc 2840),880,7,commercial,cleaning organization,cleaning supply organization,https://www.sesoris.com/blog/cleaning-supply-organization-ultimate-guide-transform-home-storage-2026,https://www.sesoris.com/blog/organization-and-cleaning-services-vs-diy-complete-guide-home-solutions-2026,Planned,true
496,organization and cleaning,EN,United States (loc 2840),1000,5,informational,cleaning organization,cleaning supply organization,https://www.sesoris.com/blog/cleaning-supply-organization-ultimate-guide-transform-home-storage-2026,https://www.sesoris.com/blog/organization-and-cleaning-complete-tutorial-guide-transform-home-2026,Planned,true
497,organization cleaning services,EN,United States (loc 2840),880,7,commercial,cleaning organization,cleaning supply organization,https://www.sesoris.com/blog/cleaning-supply-organization-ultimate-guide-transform-home-storage-2026,https://www.sesoris.com/blog/organization-cleaning-services,Published,true
498,kitchen countertop organizer ideas,EN,United States (loc 2840),880,0,commercial,kitchen organizer ideas,kitchen drawer organizer ideas,https://www.sesoris.com/blog/kitchen-drawer-organizer-ideas-transform-cooking-space-2026,https://www.sesoris.com/blog/kitchen-countertop-organizer-ideas,Published,true
499,kitchen counter organizer ideas,EN,United States (loc 2840),880,0,commercial,kitchen organizer ideas,kitchen drawer organizer ideas,https://www.sesoris.com/blog/kitchen-drawer-organizer-ideas-transform-cooking-space-2026,https://www.sesoris.com/blog/kitchen-counter-organizer-ideas,Published,true
500,small kitchen organizer ideas,EN,United States (loc 2840),880,19,commercial,kitchen organizer ideas,kitchen drawer organizer ideas,https://www.sesoris.com/blog/kitchen-drawer-organizer-ideas-transform-cooking-space-2026,https://www.sesoris.com/blog/small-kitchen-organizer-ideas-maximize-cooking-space-2026,Planned,true
501,closet organization ideas diy,EN,United States (loc 2840),880,23,commercial,closet organization ideas,coat closet organization ideas,https://www.sesoris.com/blog/coat-closet-organization-ideas,https://www.sesoris.com/blog/closet-organization-ideas-diy,Published,true
502,do it yourself closet organization ideas,EN,United States (loc 2840),880,22,commercial,closet organization ideas,coat closet organization ideas,https://www.sesoris.com/blog/coat-closet-organization-ideas,https://www.sesoris.com/blog/do-it-yourself-closet-organization-ideas,Published,true
503,diy ideas for closet organization,EN,United States (loc 2840),880,23,commercial,closet organization ideas,coat closet organization ideas,https://www.sesoris.com/blog/coat-closet-organization-ideas,https://www.sesoris.com/blog/diy-ideas-for-closet-organization-transform-wardrobe-budget-2026,Planned,true
504,bathroom closet organization ideas,EN,United States (loc 2840),880,4,commercial,closet organization ideas,coat closet organization ideas,https://www.sesoris.com/blog/coat-closet-organization-ideas,https://www.sesoris.com/blog/bathroom-closet-organization-ideas-transform-storage-space-2026,Planned,true
505,overhead garage storage solutions,EN,United States (loc 2840),880,0,commercial,garage storage solutions,garage storage solutions costco,https://www.sesoris.com/blog/garage-storage-solutions-costco-complete-review-buying-guide-2026,https://www.sesoris.com/blog/overhead-garage-storage-solutions-ultimate-guide-transform-garage-space-2026,Planned,true
506,laundry room organization shelves,EN,United States (loc 2840),590,0,transactional,laundry room organization,laundry room organization ideas,https://www.sesoris.com/blog/laundry-room-organization-ideas-small-room,https://www.sesoris.com/blog/laundry-room-organization-shelves-transform-space-2026,Planned,true
507,laundry room shelf organization,EN,United States (loc 2840),590,0,navigational,laundry room organization,laundry room organization ideas,https://www.sesoris.com/blog/laundry-room-organization-ideas-small-room,https://www.sesoris.com/blog/laundry-room-shelf-organization-25-brilliant-ideas-transform-space-2026,Planned,true
508,walk in pantry organization ideas,EN,United States (loc 2840),720,3,commercial,pantry organization ideas,kitchen pantry organization ideas,https://www.sesoris.com/blog/kitchen-pantry-organization-ideas,https://www.sesoris.com/blog/walk-in-pantry-organization-ideas-transform-kitchen-storage-2026,Planned,true
509,walk-in pantry organization ideas,EN,United States (loc 2840),720,3,commercial,pantry organization ideas,kitchen pantry organization ideas,https://www.sesoris.com/blog/kitchen-pantry-organization-ideas,https://www.sesoris.com/blog/walk-in-pantry-organization-ideas-transform-kitchen-storage-2026,Planned,true
510,ikea entryway organization,EN,United States (loc 2840),70,1,navigational,entryway organization,entryway organization,https://www.sesoris.com/blog/entryway-organization-complete-guide-welcoming-clutter-free-home-2026,https://www.sesoris.com/blog/ikea-entryway-organization-smart-ideas-transform-home-first-impression-2026,Planned,true
511,shoe storage in closet ideas,EN,United States (loc 2840),880,4,commercial,shoe storage ideas,shoe storage ideas for small closets,,https://www.sesoris.com/blog/shoe-storage-in-closet-ideas-transform-wardrobe-organization-2026,Planned,false
512,shoe storage ideas for closet,EN,United States (loc 2840),880,3,commercial,shoe storage ideas,shoe storage ideas for small closets,,https://www.sesoris.com/blog/shoe-storage-ideas-for-closet,Published,false
513,ideas for shoe storage in closet,EN,United States (loc 2840),880,4,commercial,shoe storage ideas,shoe storage ideas for small closets,,https://www.sesoris.com/blog/ideas-for-shoe-storage-in-closet-transform-wardrobe-organization-2026,Planned,false
514,shoe storage ideas for closets,EN,United States (loc 2840),880,6,commercial,shoe storage ideas,shoe storage ideas for small closets,,https://www.sesoris.com/blog/shoe-storage-ideas-for-closets,Published,false
515,wall book shelf ideas,EN,United States (loc 2840),720,7,commercial,wall shelf ideas,bedroom wall shelf ideas,https://www.sesoris.com/blog/bedroom-wall-shelf-ideas-transform-sleep-space-2026,https://www.sesoris.com/blog/wall-book-shelf-ideas-transform-home-library-2026,Planned,true
516,book shelf on wall ideas,EN,United States (loc 2840),720,11,commercial,wall shelf ideas,bedroom wall shelf ideas,https://www.sesoris.com/blog/bedroom-wall-shelf-ideas-transform-sleep-space-2026,https://www.sesoris.com/blog/book-shelf-on-wall-ideas-transform-home-library-2026,Planned,true
517,nursery drawer organization,EN,United States (loc 2840),720,0,navigational,nursery organization,nursery organization,https://www.sesoris.com/blog/nursery-organization-dresser-guide-transform-baby-space-2026,https://www.sesoris.com/blog/nursery-drawer-organization-complete-guide-perfect-baby-storage-2026,Planned,true
518,craft room storage ideas,EN,United States (loc 2840),880,0,commercial,craft room storage,craft room furniture and storage,https://www.sesoris.com/blog/craft-room-furniture-and-storage-complete-review-buying-guide-2026,https://www.sesoris.com/blog/craft-room-storage-ideas,Published,true
519,mudroom organization ikea,EN,United States (loc 2840),720,0,navigational,mudroom organization,mudroom organization ikea,https://www.sesoris.com/blog/mudroom-organization-ikea,https://www.sesoris.com/blog/mudroom-organization-ikea,Published,false
520,small walk in closet organization ideas,EN,United States (loc 2840),720,5,commercial,closet organization ideas,coat closet organization ideas,https://www.sesoris.com/blog/coat-closet-organization-ideas,https://www.sesoris.com/blog/small-walk-in-closet-organization-ideas,Published,true
521,small walk-in closet organization ideas,EN,United States (loc 2840),720,5,commercial,closet organization ideas,coat closet organization ideas,https://www.sesoris.com/blog/coat-closet-organization-ideas,https://www.sesoris.com/blog/small-walk-in-closet-organization-ideas,Published,true
522,small walkin closet organization ideas,EN,United States (loc 2840),720,0,commercial,closet organization ideas,coat closet organization ideas,https://www.sesoris.com/blog/coat-closet-organization-ideas,https://www.sesoris.com/blog/small-walkin-closet-organization-ideas,Published,true
523,laundry room organization ideas small room,EN,United States (loc 2840),720,8,commercial,laundry room organization,laundry room organization ideas,https://www.sesoris.com/blog/laundry-room-organization-ideas-small-room,https://www.sesoris.com/blog/laundry-room-organization-ideas-small-room,Published,false
524,organization for small laundry room,EN,United States (loc 2840),720,8,transactional,laundry room organization,laundry room organization ideas,https://www.sesoris.com/blog/laundry-room-organization-ideas-small-room,https://www.sesoris.com/blog/organization-for-small-laundry-room-smart-storage-solutions-transform-space-2026,Planned,true
525,organization ideas for small laundry room,EN,United States (loc 2840),720,8,commercial,laundry room organization,laundry room organization ideas,https://www.sesoris.com/blog/laundry-room-organization-ideas-small-room,https://www.sesoris.com/blog/organization-ideas-for-small-laundry-room,Published,true
526,small laundry room organization,EN,United States (loc 2840),720,8,transactional,laundry room organization,laundry room organization ideas,https://www.sesoris.com/blog/laundry-room-organization-ideas-small-room,https://www.sesoris.com/blog/small-laundry-room-organization-ideas,Planned,true
527,small laundry room organization ideas,EN,United States (loc 2840),720,8,commercial,laundry room organization,laundry room organization ideas,https://www.sesoris.com/blog/laundry-room-organization-ideas-small-room,https://www.sesoris.com/blog/small-laundry-room-organization-ideas,Published,true
528,entryway closet organization,EN,United States (loc 2840),590,1,transactional,entryway organization,entryway organization,https://www.sesoris.com/blog/entryway-organization-complete-guide-welcoming-clutter-free-home-2026,https://www.sesoris.com/blog/entryway-closet-organization-smart-ideas-transform-home-first-impression-2026,Planned,true
529,ikea shoe storage ideas,EN,United States (loc 2840),590,1,commercial,shoe storage ideas,shoe storage ideas for small closets,,https://www.sesoris.com/blog/ikea-shoe-storage-ideas,Published,false
530,kitchen drawer organizer ideas,EN,United States (loc 2840),590,5,commercial,kitchen organizer ideas,kitchen drawer organizer ideas,https://www.sesoris.com/blog/kitchen-drawer-organizer-ideas-transform-cooking-space-2026,https://www.sesoris.com/blog/kitchen-drawer-organizer-ideas-transform-cooking-space-2026,Planned,false
531,kitchen pantry organizer ideas,EN,United States (loc 2840),480,12,commercial,kitchen organizer ideas,kitchen drawer organizer ideas,https://www.sesoris.com/blog/kitchen-drawer-organizer-ideas-transform-cooking-space-2026,https://www.sesoris.com/blog/kitchen-pantry-organizer-ideas-transform-storage-space-2026,Planned,true
532,coat closet organization ideas,EN,United States (loc 2840),590,0,commercial,closet organization ideas,coat closet organization ideas,https://www.sesoris.com/blog/coat-closet-organization-ideas,https://www.sesoris.com/blog/coat-closet-organization-ideas,Published,false
533,organization ideas for kitchen pantry,EN,United States (loc 2840),480,12,commercial,pantry organization ideas,kitchen pantry organization ideas,https://www.sesoris.com/blog/kitchen-pantry-organization-ideas,https://www.sesoris.com/blog/organization-ideas-for-kitchen-pantry-transform-storage-space-2026,Planned,true
534,kitchen pantry organization ideas,EN,United States (loc 2840),480,12,commercial,pantry organization ideas,kitchen pantry organization ideas,https://www.sesoris.com/blog/kitchen-pantry-organization-ideas,https://www.sesoris.com/blog/kitchen-pantry-organization-ideas,Published,false
535,small bedroom storage solutions,EN,United States (loc 2840),590,9,commercial,bedroom storage solutions,storage solutions for a small bedroom,https://www.sesoris.com/blog/storage-solutions-for-a-small-bedroom-smart-ideas-maximize-space-2026,https://www.sesoris.com/blog/small-bedroom-storage-solutions-transform-tiny-space-2026,Planned,true
536,storage solutions for a small bedroom,EN,United States (loc 2840),590,9,commercial,bedroom storage solutions,storage solutions for a small bedroom,https://www.sesoris.com/blog/storage-solutions-for-a-small-bedroom-smart-ideas-maximize-space-2026,https://www.sesoris.com/blog/storage-solutions-for-a-small-bedroom-smart-ideas-maximize-space-2026,Planned,false
537,bedroom storage solutions for small bedrooms,EN,United States (loc 2840),590,9,commercial,bedroom storage solutions,storage solutions for a small bedroom,https://www.sesoris.com/blog/storage-solutions-for-a-small-bedroom-smart-ideas-maximize-space-2026,,Planned,false
538,tiny bedroom storage solutions,EN,United States (loc 2840),590,9,commercial,bedroom storage solutions,storage solutions for a small bedroom,https://www.sesoris.com/blog/storage-solutions-for-a-small-bedroom-smart-ideas-maximize-space-2026,https://www.sesoris.com/blog/tiny-bedroom-storage-solutions-maximize-small-space-2026,Planned,true
539,storage solutions for small bedroom,EN,United States (loc 2840),590,9,commercial,bedroom storage solutions,storage solutions for a small bedroom,https://www.sesoris.com/blog/storage-solutions-for-a-small-bedroom-smart-ideas-maximize-space-2026,https://www.sesoris.com/blog/storage-solutions-for-small-bedroom-maximize-space-2026,Planned,true
540,blanket storage ideas living room,EN,United States (loc 2840),720,0,commercial,living room storage ideas,living room toy storage ideas,https://www.sesoris.com/blog/living-room-toy-storage-ideas,https://www.sesoris.com/blog/blanket-storage-ideas-living-room-transform-space-2026,Planned,true
541,storage ideas for blankets in living room,EN,United States (loc 2840),720,0,commercial,living room storage ideas,living room toy storage ideas,https://www.sesoris.com/blog/living-room-toy-storage-ideas,https://www.sesoris.com/blog/storage-ideas-for-blankets-in-living-room-transform-cozy-space-2026,Planned,true
542,ideas for blanket storage in living room,EN,United States (loc 2840),720,0,commercial,living room storage ideas,living room toy storage ideas,https://www.sesoris.com/blog/living-room-toy-storage-ideas,https://www.sesoris.com/blog/ideas-for-blanket-storage-in-living-room-transform-cozy-space-2026,Planned,true
543,blanket storage ideas for living room,EN,United States (loc 2840),720,0,commercial,living room storage ideas,living room toy storage ideas,https://www.sesoris.com/blog/living-room-toy-storage-ideas,,Planned,false
544,wall shelf ideas for living room,EN,United States (loc 2840),480,0,commercial,wall shelf ideas,bedroom wall shelf ideas,https://www.sesoris.com/blog/bedroom-wall-shelf-ideas-transform-sleep-space-2026,https://www.sesoris.com/blog/wall-shelf-ideas-for-living-room-transform-space-style-2026,Planned,true
545,wall shelf ideas living room,EN,United States (loc 2840),480,0,commercial,wall shelf ideas,bedroom wall shelf ideas,https://www.sesoris.com/blog/bedroom-wall-shelf-ideas-transform-sleep-space-2026,https://www.sesoris.com/blog/wall-shelf-ideas-living-room-transform-space-style-2026,Planned,true
546,cleaning closet organization,EN,United States (loc 2840),590,0,transactional,cleaning organization,cleaning supply organization,https://www.sesoris.com/blog/cleaning-supply-organization-ultimate-guide-transform-home-storage-2026,https://www.sesoris.com/blog/cleaning-closet-organization-smart-solutions-transform-storage-space-2026,Planned,true
547,nursery organization dresser,EN,United States (loc 2840),590,0,navigational,nursery organization,nursery organization,https://www.sesoris.com/blog/nursery-organization-dresser-guide-transform-baby-space-2026,https://www.sesoris.com/blog/nursery-organization-dresser-guide-transform-baby-space-2026,Planned,false
548,nursery dresser drawer organization,EN,United States (loc 2840),590,0,navigational,nursery organization,nursery organization,https://www.sesoris.com/blog/nursery-organization-dresser-guide-transform-baby-space-2026,https://www.sesoris.com/blog/nursery-dresser-drawer-organization-complete-guide-perfect-baby-storage-2026,Planned,true
549,nursery organization,EN,United States (loc 2840),590,0,informational,nursery organization,nursery organization,https://www.sesoris.com/blog/nursery-organization-dresser-guide-transform-baby-space-2026,https://www.sesoris.com/blog/nursery-organization-dresser-guide-transform-baby-space-2026,Planned,false
550,dresser organization for nursery,EN,United States (loc 2840),590,0,commercial,nursery organization,nursery organization,https://www.sesoris.com/blog/nursery-organization-dresser-guide-transform-baby-space-2026,https://www.sesoris.com/blog/dresser-organization-for-nursery-ultimate-guide-perfect-baby-storage-2026,Planned,true
551,nursery room organization,EN,United States (loc 2840),590,0,informational,nursery organization,nursery organization,https://www.sesoris.com/blog/nursery-organization-dresser-guide-transform-baby-space-2026,https://www.sesoris.com/blog/nursery-room-organization-creative-ideas-transform-baby-space-2026,Planned,true
552,mudroom organization,EN,United States (loc 2840),590,1,informational,mudroom organization,mudroom organization ikea,https://www.sesoris.com/blog/mudroom-organization-ikea,https://www.sesoris.com/blog/mudroom-organization-ikea,Planned,false
553,under kitchen sink organizer ideas,EN,United States (loc 2840),480,0,commercial,kitchen organizer ideas,kitchen drawer organizer ideas,https://www.sesoris.com/blog/kitchen-drawer-organizer-ideas-transform-cooking-space-2026,https://www.sesoris.com/blog/under-kitchen-sink-organizer-ideas-transform-storage-space-2026,Planned,true
554,storage solutions small bathroom,EN,United States (loc 2840),720,1,commercial,bathroom storage solutions,bathroom storage solutions for small spaces,,https://www.sesoris.com/blog/storage-solutions-small-bathroom-smart-ideas-maximize-tiny-space-2026,Planned,false
555,ideas home office organization,EN,United States (loc 2840),480,7,commercial,home office organization,organization ideas for home office,https://www.sesoris.com/blog/organization-ideas-for-home-office-transform-workspace-2026,https://www.sesoris.com/blog/ideas-home-office-organization-transform-workspace-2026,Planned,true
556,organization ideas for home office,EN,United States (loc 2840),480,7,commercial,home office organization,organization ideas for home office,https://www.sesoris.com/blog/organization-ideas-for-home-office-transform-workspace-2026,https://www.sesoris.com/blog/organization-ideas-for-home-office-transform-workspace-2026,Planned,false
557,garage storage solutions costco,EN,United States (loc 2840),480,0,commercial,garage storage solutions,garage storage solutions costco,https://www.sesoris.com/blog/garage-storage-solutions-costco-complete-review-buying-guide-2026,https://www.sesoris.com/blog/garage-storage-solutions-costco-complete-review-buying-guide-2026,Planned,false
558,ikea pantry organization ideas,EN,United States (loc 2840),480,0,commercial,pantry organization ideas,kitchen pantry organization ideas,https://www.sesoris.com/blog/kitchen-pantry-organization-ideas,https://www.sesoris.com/blog/ikea-pantry-organization-ideas-transform-kitchen-storage-2026,Planned,true
559,small space clothing storage ideas,EN,United States (loc 2840),480,0,commercial,small space storage ideas,storage ideas for small space,https://www.sesoris.com/blog/storage-ideas-for-small-space-transform-tiny-home-2026,https://www.sesoris.com/blog/small-space-clothing-storage-ideas-maximize-wardrobe-2026,Planned,true
560,small space clothes storage ideas,EN,United States (loc 2840),480,0,commercial,small space storage ideas,storage ideas for small space,https://www.sesoris.com/blog/storage-ideas-for-small-space-transform-tiny-home-2026,,Planned,false
561,small space toy storage ideas,EN,United States (loc 2840),480,5,commercial,small space storage ideas,storage ideas for small space,https://www.sesoris.com/blog/storage-ideas-for-small-space-transform-tiny-home-2026,,Planned,false
562,tips to decluttering your home,EN,United States (loc 2840),480,21,informational,home decluttering tips,tips to decluttering your home,,,Planned,false
563,home decluttering tips,EN,United States (loc 2840),480,21,commercial,home decluttering tips,tips to decluttering your home,,https://www.sesoris.com/blog/home-decluttering-tips-calm-organized-home-2026,Planned,false
564,tips on decluttering your home,EN,United States (loc 2840),480,23,informational,home decluttering tips,tips to decluttering your home,,,Planned,false
565,tips for decluttering home,EN,United States (loc 2840),480,21,informational,home decluttering tips,tips to decluttering your home,,,Planned,false
566,tips for decluttering your home,EN,United States (loc 2840),480,26,informational,home decluttering tips,tips to decluttering your home,,,Planned,false
567,wall shelf for kitchen ideas,EN,United States (loc 2840),390,7,commercial,wall shelf ideas,bedroom wall shelf ideas,https://www.sesoris.com/blog/bedroom-wall-shelf-ideas-transform-sleep-space-2026,,Planned,false
568,wall shelf kitchen ideas,EN,United States (loc 2840),390,3,commercial,wall shelf ideas,bedroom wall shelf ideas,https://www.sesoris.com/blog/bedroom-wall-shelf-ideas-transform-sleep-space-2026,,Planned,false
569,home cleaning and organization,EN,United States (loc 2840),480,10,informational,cleaning organization,cleaning supply organization,https://www.sesoris.com/blog/cleaning-supply-organization-ultimate-guide-transform-home-storage-2026,,Planned,false
570,house cleaning organization,EN,United States (loc 2840),480,21,navigational,cleaning organization,cleaning supply organization,https://www.sesoris.com/blog/cleaning-supply-organization-ultimate-guide-transform-home-storage-2026,,Planned,false
571,house cleaning and organization,EN,United States (loc 2840),480,10,informational,cleaning organization,cleaning supply organization,https://www.sesoris.com/blog/cleaning-supply-organization-ultimate-guide-transform-home-storage-2026,,Planned,false
572,craft room cabinet storage,EN,United States (loc 2840),480,0,commercial,craft room storage,craft room furniture and storage,https://www.sesoris.com/blog/craft-room-furniture-and-storage-complete-review-buying-guide-2026,,Planned,false
573,craft room storage cabinets,EN,United States (loc 2840),480,0,commercial,craft room storage,craft room furniture and storage,https://www.sesoris.com/blog/craft-room-furniture-and-storage-complete-review-buying-guide-2026,,Planned,false
574,storage cabinets for craft room,EN,United States (loc 2840),480,0,commercial,craft room storage,craft room furniture and storage,https://www.sesoris.com/blog/craft-room-furniture-and-storage-complete-review-buying-guide-2026,,Planned,false
575,storage cabinet for craft room,EN,United States (loc 2840),480,0,commercial,craft room storage,craft room furniture and storage,https://www.sesoris.com/blog/craft-room-furniture-and-storage-complete-review-buying-guide-2026,,Planned,false
576,kitchen sink organizer ideas,EN,United States (loc 2840),390,2,commercial,kitchen organizer ideas,kitchen drawer organizer ideas,https://www.sesoris.com/blog/kitchen-drawer-organizer-ideas-transform-cooking-space-2026,,Planned,false
577,storage solutions for a small bathroom,EN,United States (loc 2840),720,19,commercial,bathroom storage solutions,bathroom storage solutions for small spaces,,,Planned,false
578,infant closet organization ideas,EN,United States (loc 2840),320,0,commercial,closet organization ideas,coat closet organization ideas,https://www.sesoris.com/blog/coat-closet-organization-ideas,,Planned,false
579,organization closet storage ideas,EN,United States (loc 2840),390,36,commercial,closet organization ideas,coat closet organization ideas,https://www.sesoris.com/blog/coat-closet-organization-ideas,,Planned,false
580,closet storage and organization ideas,EN,United States (loc 2840),390,36,commercial,closet organization ideas,coat closet organization ideas,https://www.sesoris.com/blog/coat-closet-organization-ideas,https://www.sesoris.com/blog/closet-storage-and-organization-ideas-transform-wardrobe-2026,Planned,true
581,laundry room organization ikea,EN,United States (loc 2840),390,0,navigational,laundry room organization,laundry room organization ideas,https://www.sesoris.com/blog/laundry-room-organization-ideas-small-room,https://www.sesoris.com/blog/laundry-room-organization-ikea-smart-ideas-transform-space-2026,Planned,true
582,small space storage ideas bathroom,EN,United States (loc 2840),320,8,commercial,small space storage ideas,storage ideas for small space,https://www.sesoris.com/blog/storage-ideas-for-small-space-transform-tiny-home-2026,https://www.sesoris.com/blog/small-space-storage-ideas-bathroom-maximize-every-inch-2026,Planned,true
583,storage space ideas for small bathroom,EN,United States (loc 2840),320,17,commercial,small space storage ideas,storage ideas for small space,https://www.sesoris.com/blog/storage-ideas-for-small-space-transform-tiny-home-2026,https://www.sesoris.com/blog/storage-space-ideas-for-small-bathroom-maximize-every-inch-2026,Planned,true
584,storage space ideas for small bedroom,EN,United States (loc 2840),390,9,commercial,small space storage ideas,storage ideas for small space,https://www.sesoris.com/blog/storage-ideas-for-small-space-transform-tiny-home-2026,https://www.sesoris.com/blog/storage-space-ideas-for-small-bedroom-maximize-every-inch-2026,Planned,true
585,small space bedroom storage ideas,EN,United States (loc 2840),390,9,commercial,small space storage ideas,storage ideas for small space,https://www.sesoris.com/blog/storage-ideas-for-small-space-transform-tiny-home-2026,https://www.sesoris.com/blog/small-space-bedroom-storage-ideas-maximize-every-inch-2026,Planned,true
586,storage space ideas for small bedrooms,EN,United States (loc 2840),390,9,commercial,small space storage ideas,storage ideas for small space,https://www.sesoris.com/blog/storage-ideas-for-small-space-transform-tiny-home-2026,https://www.sesoris.com/blog/storage-space-ideas-for-small-bedrooms-maximize-every-inch-2026,Planned,true
587,entryway organization ideas,EN,United States (loc 2840),390,8,informational,entryway organization,entryway organization,https://www.sesoris.com/blog/entryway-organization-complete-guide-welcoming-clutter-free-home-2026,https://www.sesoris.com/blog/entryway-organization-ideas-transform-home-first-impression-2026,Planned,true
588,ideas for entryway organization,EN,United States (loc 2840),390,8,informational,entryway organization,entryway organization,https://www.sesoris.com/blog/entryway-organization-complete-guide-welcoming-clutter-free-home-2026,https://www.sesoris.com/blog/ideas-for-entryway-organization-transform-home-first-impression-2026,Planned,true
589,entryway organization,EN,United States (loc 2840),320,44,informational,entryway organization,entryway organization,https://www.sesoris.com/blog/entryway-organization-complete-guide-welcoming-clutter-free-home-2026,https://www.sesoris.com/blog/entryway-organization-complete-guide-welcoming-clutter-free-home-2026,Planned,false
590,towel rack ideas for kitchen,EN,United States (loc 2840),320,0,commercial,kitchen rack ideas,towel rack ideas for kitchen,https://www.sesoris.com/blog/towel-rack-ideas-for-kitchen-stylish-functional-solutions-2026,https://www.sesoris.com/blog/towel-rack-ideas-for-kitchen-stylish-functional-solutions-2026,Planned,false
591,wall decor shelf ideas,EN,United States (loc 2840),390,9,commercial,wall shelf ideas,bedroom wall shelf ideas,https://www.sesoris.com/blog/bedroom-wall-shelf-ideas-transform-sleep-space-2026,https://www.sesoris.com/blog/wall-decor-shelf-ideas-transform-home-2026,Planned,true
592,decorative wall shelf ideas,EN,United States (loc 2840),390,4,commercial,wall shelf ideas,bedroom wall shelf ideas,https://www.sesoris.com/blog/bedroom-wall-shelf-ideas-transform-sleep-space-2026,https://www.sesoris.com/blog/decorative-wall-shelf-ideas-elevate-home-2026,Planned,true
593,bedroom wall shelf ideas,EN,United States (loc 2840),390,0,commercial,wall shelf ideas,bedroom wall shelf ideas,https://www.sesoris.com/blog/bedroom-wall-shelf-ideas-transform-sleep-space-2026,https://www.sesoris.com/blog/bedroom-wall-shelf-ideas-transform-sleep-space-2026,Planned,false
594,wall shelf ideas for bathroom,EN,United States (loc 2840),390,1,commercial,wall shelf ideas,bedroom wall shelf ideas,https://www.sesoris.com/blog/bedroom-wall-shelf-ideas-transform-sleep-space-2026,https://www.sesoris.com/blog/wall-shelf-ideas-for-bathroom-transform-space-style-2026,Planned,true
595,living room wall shelf decor ideas,EN,United States (loc 2840),320,4,commercial,wall shelf ideas,bedroom wall shelf ideas,https://www.sesoris.com/blog/bedroom-wall-shelf-ideas-transform-sleep-space-2026,https://www.sesoris.com/blog/living-room-wall-shelf-decor-ideas-transform-space-2026,Planned,true
596,garage wall shelf ideas,EN,United States (loc 2840),390,0,commercial,wall shelf ideas,bedroom wall shelf ideas,https://www.sesoris.com/blog/bedroom-wall-shelf-ideas-transform-sleep-space-2026,https://www.sesoris.com/blog/garage-wall-shelf-ideas-transform-storage-space-2026,Planned,true
597,bathroom wall shelf ideas,EN,United States (loc 2840),390,1,commercial,wall shelf ideas,bedroom wall shelf ideas,https://www.sesoris.com/blog/bedroom-wall-shelf-ideas-transform-sleep-space-2026,https://www.sesoris.com/blog/bathroom-wall-shelf-ideas-transform-space-2026,Planned,true
598,decorating wall shelf ideas,EN,United States (loc 2840),390,4,informational,wall shelf ideas,bedroom wall shelf ideas,https://www.sesoris.com/blog/bedroom-wall-shelf-ideas-transform-sleep-space-2026,https://www.sesoris.com/blog/decorating-wall-shelf-ideas-transform-home-2026,Planned,true
599,diy wall shelf ideas,EN,United States (loc 2840),390,4,commercial,wall shelf ideas,bedroom wall shelf ideas,https://www.sesoris.com/blog/bedroom-wall-shelf-ideas-transform-sleep-space-2026,https://www.sesoris.com/blog/diy-wall-shelf-ideas-transform-home-storage-2026,Planned,true
600,craft room storage furniture,EN,United States (loc 2840),320,0,commercial,craft room storage,craft room furniture and storage,https://www.sesoris.com/blog/craft-room-furniture-and-storage-complete-review-buying-guide-2026,https://www.sesoris.com/blog/craft-room-storage-furniture-complete-review-buying-guide-2026,Planned,true
601,craft room furniture and storage,EN,United States (loc 2840),320,14,commercial,craft room storage,craft room furniture and storage,https://www.sesoris.com/blog/craft-room-furniture-and-storage-complete-review-buying-guide-2026,https://www.sesoris.com/blog/craft-room-furniture-and-storage-complete-review-buying-guide-2026,Planned,false
602,hall closet organization ideas,EN,United States (loc 2840),390,8,commercial,closet organization ideas,coat closet organization ideas,https://www.sesoris.com/blog/coat-closet-organization-ideas,https://www.sesoris.com/blog/hall-closet-organization-ideas-transform-storage-space-2026,Planned,true
603,hallway closet organization ideas,EN,United States (loc 2840),390,3,commercial,closet organization ideas,coat closet organization ideas,https://www.sesoris.com/blog/coat-closet-organization-ideas,https://www.sesoris.com/blog/hallway-closet-organization-ideas-transform-storage-space-2026,Planned,true
604,nursery closet organization ideas,EN,United States (loc 2840),260,0,commercial,closet organization ideas,coat closet organization ideas,https://www.sesoris.com/blog/coat-closet-organization-ideas,https://www.sesoris.com/blog/nursery-closet-organization-ideas-perfect-baby-storage-2026,Planned,true
605,pantry closet organization ideas,EN,United States (loc 2840),260,9,commercial,closet organization ideas,coat closet organization ideas,https://www.sesoris.com/blog/coat-closet-organization-ideas,https://www.sesoris.com/blog/pantry-closet-organization-ideas-transform-food-storage-2026,Planned,true
606,closet shelf organization ideas,EN,United States (loc 2840),320,27,commercial,closet organization ideas,coat closet organization ideas,https://www.sesoris.com/blog/coat-closet-organization-ideas,https://www.sesoris.com/blog/closet-shelf-organization-ideas-transform-storage-space-2026,Planned,true
607,bedroom closet organization ideas,EN,United States (loc 2840),320,22,commercial,closet organization ideas,coat closet organization ideas,https://www.sesoris.com/blog/coat-closet-organization-ideas,https://www.sesoris.com/blog/bedroom-closet-organization-ideas-transform-wardrobe-space-2026,Planned,true
608,craft closet organization ideas,EN,United States (loc 2840),260,0,commercial,closet organization ideas,coat closet organization ideas,https://www.sesoris.com/blog/coat-closet-organization-ideas,https://www.sesoris.com/blog/craft-closet-organization-ideas-transform-creative-space-2026,Planned,true
609,organization ideas for bedroom closet,EN,United States (loc 2840),320,22,commercial,closet organization ideas,coat closet organization ideas,https://www.sesoris.com/blog/coat-closet-organization-ideas,https://www.sesoris.com/blog/organization-ideas-for-bedroom-closet-transform-wardrobe-2026,Planned,true
610,small coat closet organization ideas,EN,United States (loc 2840),320,0,commercial,closet organization ideas,coat closet organization ideas,https://www.sesoris.com/blog/coat-closet-organization-ideas,https://www.sesoris.com/blog/small-coat-closet-organization-ideas-maximize-space-2026,Planned,true
611,closet organization ideas for nursery,EN,United States (loc 2840),260,0,commercial,closet organization ideas,coat closet organization ideas,https://www.sesoris.com/blog/coat-closet-organization-ideas,https://www.sesoris.com/blog/closet-organization-ideas-for-nursery-perfect-baby-storage-2026,Planned,true
612,closet shelves organization ideas,EN,United States (loc 2840),320,25,commercial,closet organization ideas,coat closet organization ideas,https://www.sesoris.com/blog/coat-closet-organization-ideas,https://www.sesoris.com/blog/closet-shelves-organization-ideas,Published,true
613,organization ideas for small home office,EN,United States (loc 2840),320,0,commercial,home office organization,organization ideas for home office,https://www.sesoris.com/blog/organization-ideas-for-home-office-transform-workspace-2026,https://www.sesoris.com/blog/organization-ideas-for-small-home-office,Published,true
614,small home office organization ideas,EN,United States (loc 2840),320,0,commercial,home office organization,organization ideas for home office,https://www.sesoris.com/blog/organization-ideas-for-home-office-transform-workspace-2026,https://www.sesoris.com/blog/small-home-office-organization-ideas,Published,true
615,diy garage storage solutions,EN,United States (loc 2840),320,14,commercial,garage storage solutions,garage storage solutions costco,https://www.sesoris.com/blog/garage-storage-solutions-costco-complete-review-buying-guide-2026,https://www.sesoris.com/blog/diy-garage-storage-solutions,Published,true
616,garage storage solutions near me,EN,United States (loc 2840),320,11,commercial,garage storage solutions,garage storage solutions costco,https://www.sesoris.com/blog/garage-storage-solutions-costco-complete-review-buying-guide-2026,https://www.sesoris.com/blog/garage-storage-solutions-near-me,Published,true
617,laundry room organization containers,EN,United States (loc 2840),320,0,transactional,laundry room organization,laundry room organization ideas,https://www.sesoris.com/blog/laundry-room-organization-ideas-small-room,https://www.sesoris.com/blog/laundry-room-organization-containers,Published,true
618,small space kitchen storage ideas,EN,United States (loc 2840),320,27,commercial,small space storage ideas,storage ideas for small space,https://www.sesoris.com/blog/storage-ideas-for-small-space-transform-tiny-home-2026,https://www.sesoris.com/blog/small-space-kitchen-storage-ideas,Published,true
619,storage solutions for the bedroom,EN,United States (loc 2840),210,2,commercial,bedroom storage solutions,storage solutions for a small bedroom,https://www.sesoris.com/blog/storage-solutions-for-a-small-bedroom-smart-ideas-maximize-space-2026,https://www.sesoris.com/blog/storage-solutions-for-the-bedroom,Published,true
620,bedroom storage solutions,EN,United States (loc 2840),210,2,commercial,bedroom storage solutions,storage solutions for a small bedroom,https://www.sesoris.com/blog/storage-solutions-for-a-small-bedroom-smart-ideas-maximize-space-2026,https://www.sesoris.com/blog/bedroom-storage-solutions,Published,true
621,ideas for shoe storage in small closet,EN,United States (loc 2840),320,0,commercial,shoe storage ideas,shoe storage ideas for small closets,,https://www.sesoris.com/blog/ideas-for-shoe-storage-in-small-closet,Published,false
622,shoe storage ideas for rvs,EN,United States (loc 2840),320,0,commercial,shoe storage ideas,shoe storage ideas for small closets,,https://www.sesoris.com/blog/shoe-storage-ideas-for-rvs,Published,false
623,cool shoe storage ideas,EN,United States (loc 2840),320,5,commercial,shoe storage ideas,shoe storage ideas for small closets,,,Planned,false
624,shoe storage ideas for small closet,EN,United States (loc 2840),320,0,commercial,shoe storage ideas,shoe storage ideas for small closets,,,Planned,false
625,small closet shoe storage ideas,EN,United States (loc 2840),320,6,commercial,shoe storage ideas,shoe storage ideas for small closets,,,Planned,false
626,best ideas for shoe storage,EN,United States (loc 2840),320,5,commercial,shoe storage ideas,shoe storage ideas for small closets,,,Planned,false
627,good ideas for shoe storage,EN,United States (loc 2840),320,0,commercial,shoe storage ideas,shoe storage ideas for small closets,,,Planned,false
628,shoe storage ideas at front door,EN,United States (loc 2840),320,0,commercial,shoe storage ideas,shoe storage ideas for small closets,,,Planned,false
629,rv shoe storage ideas,EN,United States (loc 2840),320,0,commercial,shoe storage ideas,shoe storage ideas for small closets,,,Planned,false
630,shoe storage ideas front door,EN,United States (loc 2840),320,0,commercial,shoe storage ideas,shoe storage ideas for small closets,,,Planned,false
631,great shoe storage ideas,EN,United States (loc 2840),320,5,commercial,shoe storage ideas,shoe storage ideas for small closets,,,Planned,false
632,shoe storage ideas by front door,EN,United States (loc 2840),320,0,commercial,shoe storage ideas,shoe storage ideas for small closets,,,Planned,false
633,shoe storage ideas for small closets,EN,United States (loc 2840),320,0,commercial,shoe storage ideas,shoe storage ideas for small closets,,,Planned,false
634,good shoe storage ideas,EN,United States (loc 2840),320,5,commercial,shoe storage ideas,shoe storage ideas for small closets,,,Planned,false
635,best shoe storage ideas,EN,United States (loc 2840),320,5,commercial,shoe storage ideas,shoe storage ideas for small closets,,,Planned,false
636,ideas for shoe storage at front door,EN,United States (loc 2840),320,0,commercial,shoe storage ideas,shoe storage ideas for small closets,,,Planned,false
637,shoe storage ideas for rv,EN,United States (loc 2840),320,0,commercial,shoe storage ideas,shoe storage ideas for small closets,,,Planned,false
638,floating wall shelf ideas,EN,United States (loc 2840),320,15,commercial,wall shelf ideas,bedroom wall shelf ideas,https://www.sesoris.com/blog/bedroom-wall-shelf-ideas-transform-sleep-space-2026,,Planned,false
639,cat wall shelf ideas,EN,United States (loc 2840),210,0,commercial,wall shelf ideas,bedroom wall shelf ideas,https://www.sesoris.com/blog/bedroom-wall-shelf-ideas-transform-sleep-space-2026,,Planned,false
640,floating shelf tv wall ideas,EN,United States (loc 2840),260,0,commercial,wall shelf ideas,bedroom wall shelf ideas,https://www.sesoris.com/blog/bedroom-wall-shelf-ideas-transform-sleep-space-2026,,Planned,false
641,nursery organization ideas,EN,United States (loc 2840),260,0,commercial,nursery organization,nursery organization,https://www.sesoris.com/blog/nursery-organization-dresser-guide-transform-baby-space-2026,,Planned,false
642,organization ideas for nursery,EN,United States (loc 2840),260,0,informational,nursery organization,nursery organization,https://www.sesoris.com/blog/nursery-organization-dresser-guide-transform-baby-space-2026,,Planned,false
643,craft room storage solutions,EN,United States (loc 2840),260,0,commercial,craft room storage,craft room furniture and storage,https://www.sesoris.com/blog/craft-room-furniture-and-storage-complete-review-buying-guide-2026,,Planned,false
644,mudroom organization ideas,EN,United States (loc 2840),320,0,informational,mudroom organization,mudroom organization ikea,https://www.sesoris.com/blog/mudroom-organization-ikea,,Planned,false
645,closet organization ideas shoes,EN,United States (loc 2840),210,2,commercial,closet organization ideas,coat closet organization ideas,https://www.sesoris.com/blog/coat-closet-organization-ideas,,Planned,false
646,shoe closet organization ideas,EN,United States (loc 2840),210,0,commercial,closet organization ideas,coat closet organization ideas,https://www.sesoris.com/blog/coat-closet-organization-ideas,,Planned,false
647,closet organization ideas for small closets,EN,United States (loc 2840),320,10,commercial,closet organization ideas,coat closet organization ideas,https://www.sesoris.com/blog/coat-closet-organization-ideas,,Planned,false
648,small bedroom closet organization ideas,EN,United States (loc 2840),260,3,commercial,closet organization ideas,coat closet organization ideas,https://www.sesoris.com/blog/coat-closet-organization-ideas,,Planned,false
649,office closet organization ideas,EN,United States (loc 2840),210,10,commercial,closet organization ideas,coat closet organization ideas,https://www.sesoris.com/blog/coat-closet-organization-ideas,,Planned,false
650,closet organization ideas for shoes,EN,United States (loc 2840),210,2,commercial,closet organization ideas,coat closet organization ideas,https://www.sesoris.com/blog/coat-closet-organization-ideas,,Planned,false
651,garage bicycle storage solutions,EN,United States (loc 2840),260,29,commercial,garage storage solutions,garage storage solutions costco,https://www.sesoris.com/blog/garage-storage-solutions-costco-complete-review-buying-guide-2026,,Planned,false
652,garage bike storage solutions,EN,United States (loc 2840),260,29,commercial,garage storage solutions,garage storage solutions costco,https://www.sesoris.com/blog/garage-storage-solutions-costco-complete-review-buying-guide-2026,,Planned,false
653,modular garage storage solutions,EN,United States (loc 2840),260,13,commercial,garage storage solutions,garage storage solutions costco,https://www.sesoris.com/blog/garage-storage-solutions-costco-complete-review-buying-guide-2026,,Planned,false
654,garage storage solutions bikes,EN,United States (loc 2840),260,29,commercial,garage storage solutions,garage storage solutions costco,https://www.sesoris.com/blog/garage-storage-solutions-costco-complete-review-buying-guide-2026,,Planned,false
655,garage storage solutions for bikes,EN,United States (loc 2840),260,33,commercial,garage storage solutions,garage storage solutions costco,https://www.sesoris.com/blog/garage-storage-solutions-costco-complete-review-buying-guide-2026,,Planned,false
656,bike storage solutions for garage,EN,United States (loc 2840),260,34,commercial,garage storage solutions,garage storage solutions costco,https://www.sesoris.com/blog/garage-storage-solutions-costco-complete-review-buying-guide-2026,,Planned,false
657,bicycle storage solutions for garage,EN,United States (loc 2840),260,29,commercial,garage storage solutions,garage storage solutions costco,https://www.sesoris.com/blog/garage-storage-solutions-costco-complete-review-buying-guide-2026,,Planned,false
658,garage cycle storage solutions,EN,United States (loc 2840),260,29,commercial,garage storage solutions,garage storage solutions costco,https://www.sesoris.com/blog/garage-storage-solutions-costco-complete-review-buying-guide-2026,,Planned,false
659,diy small space storage ideas,EN,United States (loc 2840),260,9,commercial,small space storage ideas,storage ideas for small space,https://www.sesoris.com/blog/storage-ideas-for-small-space-transform-tiny-home-2026,,Planned,false
660,entryway coat closet organization,EN,United States (loc 2840),210,1,navigational,entryway organization,entryway organization,https://www.sesoris.com/blog/entryway-organization-complete-guide-welcoming-clutter-free-home-2026,,Planned,false
661,shoe storage ideas for outside,EN,United States (loc 2840),210,0,commercial,shoe storage ideas,shoe storage ideas for small closets,,,Planned,false
662,outdoor shoe storage ideas,EN,United States (loc 2840),210,0,commercial,shoe storage ideas,shoe storage ideas for small closets,,,Planned,false
663,childrens shoe storage ideas,EN,United States (loc 2840),260,0,commercial,shoe storage ideas,shoe storage ideas for small closets,,,Planned,false
664,creative shoe storage ideas,EN,United States (loc 2840),260,7,commercial,shoe storage ideas,shoe storage ideas for small closets,,,Planned,false
665,hidden shoe storage ideas,EN,United States (loc 2840),260,1,commercial,shoe storage ideas,shoe storage ideas for small closets,,,Planned,false
666,creative ideas for shoe storage,EN,United States (loc 2840),260,0,commercial,shoe storage ideas,shoe storage ideas for small closets,,,Planned,false
667,recessed wall shelf ideas,EN,United States (loc 2840),210,2,commercial,wall shelf ideas,bedroom wall shelf ideas,https://www.sesoris.com/blog/bedroom-wall-shelf-ideas-transform-sleep-space-2026,,Planned,false
668,indoor plant wall shelf ideas,EN,United States (loc 2840),210,0,commercial,wall shelf ideas,bedroom wall shelf ideas,https://www.sesoris.com/blog/bedroom-wall-shelf-ideas-transform-sleep-space-2026,,Planned,false
669,entryway closet organization ideas,EN,United States (loc 2840),210,0,commercial,closet organization ideas,coat closet organization ideas,https://www.sesoris.com/blog/coat-closet-organization-ideas,,Planned,false
670,cool closet organization ideas,EN,United States (loc 2840),170,23,commercial,closet organization ideas,coat closet organization ideas,https://www.sesoris.com/blog/coat-closet-organization-ideas,,Planned,false
671,closet organization ideas pinterest,EN,United States (loc 2840),140,7,navigational,closet organization ideas,coat closet organization ideas,https://www.sesoris.com/blog/coat-closet-organization-ideas,,Planned,false
672,best ideas for closet organization,EN,United States (loc 2840),170,23,commercial,closet organization ideas,coat closet organization ideas,https://www.sesoris.com/blog/coat-closet-organization-ideas,,Planned,false
673,closet purse organization ideas,EN,United States (loc 2840),210,2,commercial,closet organization ideas,coat closet organization ideas,https://www.sesoris.com/blog/coat-closet-organization-ideas,,Planned,false
674,closet organization ideas for purses,EN,United States (loc 2840),210,2,commercial,closet organization ideas,coat closet organization ideas,https://www.sesoris.com/blog/coat-closet-organization-ideas,,Planned,false
675,best closet organization ideas,EN,United States (loc 2840),170,23,commercial,closet organization ideas,coat closet organization ideas,https://www.sesoris.com/blog/coat-closet-organization-ideas,,Planned,false
676,closet organization ideas small space,EN,United States (loc 2840),170,17,commercial,closet organization ideas,coat closet organization ideas,https://www.sesoris.com/blog/coat-closet-organization-ideas,,Planned,false
677,cheap closet organization ideas,EN,United States (loc 2840),170,13,commercial,closet organization ideas,coat closet organization ideas,https://www.sesoris.com/blog/coat-closet-organization-ideas,,Planned,false
678,utility closet organization ideas,EN,United States (loc 2840),260,4,commercial,closet organization ideas,coat closet organization ideas,https://www.sesoris.com/blog/coat-closet-organization-ideas,,Planned,false
679,closet organization ideas for small spaces,EN,United States (loc 2840),170,9,commercial,closet organization ideas,coat closet organization ideas,https://www.sesoris.com/blog/coat-closet-organization-ideas,,Planned,false
680,inexpensive closet organization ideas,EN,United States (loc 2840),170,27,commercial,closet organization ideas,coat closet organization ideas,https://www.sesoris.com/blog/coat-closet-organization-ideas,,Planned,false
681,small bathroom closet organization ideas,EN,United States (loc 2840),170,4,commercial,closet organization ideas,coat closet organization ideas,https://www.sesoris.com/blog/coat-closet-organization-ideas,,Planned,false
682,cheap ideas for closet organization,EN,United States (loc 2840),170,13,commercial,closet organization ideas,coat closet organization ideas,https://www.sesoris.com/blog/coat-closet-organization-ideas,,Planned,false
683,garage storage solutions lowes,EN,United States (loc 2840),210,0,commercial,garage storage solutions,garage storage solutions costco,https://www.sesoris.com/blog/garage-storage-solutions-costco-complete-review-buying-guide-2026,,Planned,false
684,custom garage storage solutions,EN,United States (loc 2840),170,10,commercial,garage storage solutions,garage storage solutions costco,https://www.sesoris.com/blog/garage-storage-solutions-costco-complete-review-buying-guide-2026,,Planned,false
685,laundry room organization storage,EN,United States (loc 2840),260,7,navigational,laundry room organization,laundry room organization ideas,https://www.sesoris.com/blog/laundry-room-organization-ideas-small-room,,Planned,false
686,laundry room organization and storage,EN,United States (loc 2840),260,1,informational,laundry room organization,laundry room organization ideas,https://www.sesoris.com/blog/laundry-room-organization-ideas-small-room,,Planned,false
687,laundry room cabinet organization,EN,United States (loc 2840),210,0,navigational,laundry room organization,laundry room organization ideas,https://www.sesoris.com/blog/laundry-room-organization-ideas-small-room,,Planned,false
688,laundry room organization cabinets,EN,United States (loc 2840),210,0,transactional,laundry room organization,laundry room organization ideas,https://www.sesoris.com/blog/laundry-room-organization-ideas-small-room,,Planned,false
689,closet laundry room organization,EN,United States (loc 2840),170,7,navigational,laundry room organization,laundry room organization ideas,https://www.sesoris.com/blog/laundry-room-organization-ideas-small-room,,Planned,false
690,small space craft storage ideas,EN,United States (loc 2840),170,0,commercial,small space storage ideas,storage ideas for small space,https://www.sesoris.com/blog/storage-ideas-for-small-space-transform-tiny-home-2026,,Planned,false
691,office wall shelf ideas,EN,United States (loc 2840),170,1,commercial,wall shelf ideas,bedroom wall shelf ideas,https://www.sesoris.com/blog/bedroom-wall-shelf-ideas-transform-sleep-space-2026,,Planned,false
692,ikea craft room storage,EN,United States (loc 2840),210,0,navigational,craft room storage,craft room furniture and storage,https://www.sesoris.com/blog/craft-room-furniture-and-storage-complete-review-buying-guide-2026,,Planned,false
693,ikea storage for craft room,EN,United States (loc 2840),210,0,navigational,craft room storage,craft room furniture and storage,https://www.sesoris.com/blog/craft-room-furniture-and-storage-complete-review-buying-guide-2026,,Planned,false
694,mudroom closet organization,EN,United States (loc 2840),210,1,transactional,mudroom organization,mudroom organization ikea,https://www.sesoris.com/blog/mudroom-organization-ikea,,Planned,false
695,home office closet organization ideas,EN,United States (loc 2840),140,0,commercial,closet organization ideas,coat closet organization ideas,https://www.sesoris.com/blog/coat-closet-organization-ideas,,Planned,false
696,clothing closet organization ideas,EN,United States (loc 2840),170,19,commercial,closet organization ideas,coat closet organization ideas,https://www.sesoris.com/blog/coat-closet-organization-ideas,,Planned,false
697,broom closet organization ideas,EN,United States (loc 2840),140,0,commercial,closet organization ideas,coat closet organization ideas,https://www.sesoris.com/blog/coat-closet-organization-ideas,,Planned,false
698,clothes closet organization ideas,EN,United States (loc 2840),170,19,commercial,closet organization ideas,coat closet organization ideas,https://www.sesoris.com/blog/coat-closet-organization-ideas,,Planned,false
699,wall organization for home office,EN,United States (loc 2840),110,0,commercial,home office organization,organization ideas for home office,https://www.sesoris.com/blog/organization-ideas-for-home-office-transform-workspace-2026,,Planned,false
700,home office desk organization,EN,United States (loc 2840),140,0,navigational,home office organization,organization ideas for home office,https://www.sesoris.com/blog/organization-ideas-for-home-office-transform-workspace-2026,,Planned,false
701,home office organization wall,EN,United States (loc 2840),110,0,navigational,home office organization,organization ideas for home office,https://www.sesoris.com/blog/organization-ideas-for-home-office-transform-workspace-2026,,Planned,false
702,small home office organization,EN,United States (loc 2840),140,0,commercial,home office organization,organization ideas for home office,https://www.sesoris.com/blog/organization-ideas-for-home-office-transform-workspace-2026,https://www.sesoris.com/blog/small-home-office-organization-ideas,Planned,true
703,laundry room organization ideas for small spaces,EN,United States (loc 2840),260,8,commercial,laundry room organization,laundry room organization ideas,https://www.sesoris.com/blog/laundry-room-organization-ideas-small-room,,Planned,false
704,food pantry organization ideas,EN,United States (loc 2840),170,9,commercial,pantry organization ideas,kitchen pantry organization ideas,https://www.sesoris.com/blog/kitchen-pantry-organization-ideas,,Planned,false
705,pantry cabinet organization ideas,EN,United States (loc 2840),170,0,commercial,pantry organization ideas,kitchen pantry organization ideas,https://www.sesoris.com/blog/kitchen-pantry-organization-ideas,,Planned,false
706,storage solutions for bedroom,EN,United States (loc 2840),210,17,commercial,bedroom storage solutions,storage solutions for a small bedroom,https://www.sesoris.com/blog/storage-solutions-for-a-small-bedroom-smart-ideas-maximize-space-2026,,Planned,false
707,small space childrens bedroom storage solutions,EN,United States (loc 2840),110,17,commercial,bedroom storage solutions,storage solutions for a small bedroom,https://www.sesoris.com/blog/storage-solutions-for-a-small-bedroom-smart-ideas-maximize-space-2026,,Planned,false
708,small living room storage ideas,EN,United States (loc 2840),140,10,commercial,living room storage ideas,living room toy storage ideas,https://www.sesoris.com/blog/living-room-toy-storage-ideas,,Planned,false
709,storage ideas for small living room,EN,United States (loc 2840),140,10,commercial,living room storage ideas,living room toy storage ideas,https://www.sesoris.com/blog/living-room-toy-storage-ideas,,Planned,false
710,shoe storage ideas bedroom,EN,United States (loc 2840),170,4,commercial,shoe storage ideas,shoe storage ideas for small closets,,,Planned,false
711,modern entryway shoe storage ideas,EN,United States (loc 2840),140,3,commercial,shoe storage ideas,shoe storage ideas for small closets,,,Planned,false
712,shoe storage ideas for bedroom,EN,United States (loc 2840),170,4,commercial,shoe storage ideas,shoe storage ideas for small closets,,,Planned,false
713,cleaning product organization,EN,United States (loc 2840),140,0,commercial,cleaning organization,cleaning supply organization,https://www.sesoris.com/blog/cleaning-supply-organization-ultimate-guide-transform-home-storage-2026,,Planned,false
714,cleaning products organization,EN,United States (loc 2840),140,0,commercial,cleaning organization,cleaning supply organization,https://www.sesoris.com/blog/cleaning-supply-organization-ultimate-guide-transform-home-storage-2026,,Planned,false
715,nursery storage organization,EN,United States (loc 2840),140,0,commercial,nursery organization,nursery organization,https://www.sesoris.com/blog/nursery-organization-dresser-guide-transform-baby-space-2026,,Planned,false
716,craft room diy storage ideas,EN,United States (loc 2840),110,0,commercial,craft room storage,craft room furniture and storage,https://www.sesoris.com/blog/craft-room-furniture-and-storage-complete-review-buying-guide-2026,,Planned,false
717,kitchen island organizer ideas,EN,United States (loc 2840),140,7,commercial,kitchen organizer ideas,kitchen drawer organizer ideas,https://www.sesoris.com/blog/kitchen-drawer-organizer-ideas-transform-cooking-space-2026,,Planned,false
718,kitchen utensil organizer ideas,EN,United States (loc 2840),110,2,commercial,kitchen organizer ideas,kitchen drawer organizer ideas,https://www.sesoris.com/blog/kitchen-drawer-organizer-ideas-transform-cooking-space-2026,,Planned,false
719,best kitchen organizer ideas,EN,United States (loc 2840),90,17,commercial,kitchen organizer ideas,kitchen drawer organizer ideas,https://www.sesoris.com/blog/kitchen-drawer-organizer-ideas-transform-cooking-space-2026,,Planned,false
720,kitchen utensils organizer ideas,EN,United States (loc 2840),110,2,commercial,kitchen organizer ideas,kitchen drawer organizer ideas,https://www.sesoris.com/blog/kitchen-drawer-organizer-ideas-transform-cooking-space-2026,,Planned,false
721,bathroom cabinet storage solutions,EN,United States (loc 2840),110,3,commercial,bathroom storage solutions,bathroom storage solutions for small spaces,,,Planned,false
722,bathroom vanity storage solutions,EN,United States (loc 2840),110,3,commercial,bathroom storage solutions,bathroom storage solutions for small spaces,,,Planned,false
723,storage solutions for bathroom vanity,EN,United States (loc 2840),110,0,commercial,bathroom storage solutions,bathroom storage solutions for small spaces,,,Planned,false
724,storage solutions for bathroom cabinets,EN,United States (loc 2840),110,8,commercial,bathroom storage solutions,bathroom storage solutions for small spaces,,,Planned,false
725,closet organization ideas for apartments,EN,United States (loc 2840),170,0,commercial,closet organization ideas,coat closet organization ideas,https://www.sesoris.com/blog/coat-closet-organization-ideas,,Planned,false
726,reach-in closet organization ideas,EN,United States (loc 2840),140,4,commercial,closet organization ideas,coat closet organization ideas,https://www.sesoris.com/blog/coat-closet-organization-ideas,,Planned,false
727,reach in closet organization ideas,EN,United States (loc 2840),140,4,commercial,closet organization ideas,coat closet organization ideas,https://www.sesoris.com/blog/coat-closet-organization-ideas,,Planned,false
728,apartment closet organization ideas,EN,United States (loc 2840),170,0,commercial,closet organization ideas,coat closet organization ideas,https://www.sesoris.com/blog/coat-closet-organization-ideas,,Planned,false
729,diy closet organization ideas on a budget,EN,United States (loc 2840),90,7,commercial,closet organization ideas,coat closet organization ideas,https://www.sesoris.com/blog/coat-closet-organization-ideas,,Planned,false
730,sliding door closet organization ideas,EN,United States (loc 2840),140,1,commercial,closet organization ideas,coat closet organization ideas,https://www.sesoris.com/blog/coat-closet-organization-ideas,,Planned,false
731,baskets for laundry room organization,EN,United States (loc 2840),140,5,transactional,laundry room organization,laundry room organization ideas,https://www.sesoris.com/blog/laundry-room-organization-ideas-small-room,,Planned,false
732,laundry room organization baskets,EN,United States (loc 2840),140,0,transactional,laundry room organization,laundry room organization ideas,https://www.sesoris.com/blog/laundry-room-organization-ideas-small-room,,Planned,false
733,pantry shelf organization ideas,EN,United States (loc 2840),110,7,commercial,pantry organization ideas,kitchen pantry organization ideas,https://www.sesoris.com/blog/kitchen-pantry-organization-ideas,,Planned,false
734,storage ideas for small closet space,EN,United States (loc 2840),140,13,commercial,small space storage ideas,storage ideas for small space,https://www.sesoris.com/blog/storage-ideas-for-small-space-transform-tiny-home-2026,,Planned,false
735,small space closet storage ideas,EN,United States (loc 2840),140,13,commercial,small space storage ideas,storage ideas for small space,https://www.sesoris.com/blog/storage-ideas-for-small-space-transform-tiny-home-2026,,Planned,false
736,kitchen wine rack ideas,EN,United States (loc 2840),110,0,commercial,kitchen rack ideas,towel rack ideas for kitchen,https://www.sesoris.com/blog/towel-rack-ideas-for-kitchen-stylish-functional-solutions-2026,,Planned,false
737,wine rack in kitchen ideas,EN,United States (loc 2840),110,0,commercial,kitchen rack ideas,towel rack ideas for kitchen,https://www.sesoris.com/blog/towel-rack-ideas-for-kitchen-stylish-functional-solutions-2026,,Planned,false
738,under bed shoe storage ideas,EN,United States (loc 2840),110,0,commercial,shoe storage ideas,shoe storage ideas for small closets,,,Planned,false
739,underbed shoe storage ideas,EN,United States (loc 2840),110,1,commercial,shoe storage ideas,shoe storage ideas for small closets,,,Planned,false
740,under the bed shoe storage ideas,EN,United States (loc 2840),110,0,commercial,shoe storage ideas,shoe storage ideas for small closets,,,Planned,false
741,shoe storage ideas for under bed,EN,United States (loc 2840),110,0,commercial,shoe storage ideas,shoe storage ideas for small closets,,,Planned,false
742,microwave wall shelf ideas,EN,United States (loc 2840),110,0,commercial,wall shelf ideas,bedroom wall shelf ideas,https://www.sesoris.com/blog/bedroom-wall-shelf-ideas-transform-sleep-space-2026,,Planned,false
743,wall shelf ideas for bedroom,EN,United States (loc 2840),390,3,commercial,wall shelf ideas,bedroom wall shelf ideas,https://www.sesoris.com/blog/bedroom-wall-shelf-ideas-transform-sleep-space-2026,,Planned,false
744,liquor wall shelf ideas,EN,United States (loc 2840),140,0,commercial,wall shelf ideas,bedroom wall shelf ideas,https://www.sesoris.com/blog/bedroom-wall-shelf-ideas-transform-sleep-space-2026,,Planned,false
745,cleaning supply closet organization,EN,United States (loc 2840),110,0,commercial,cleaning organization,cleaning supply organization,https://www.sesoris.com/blog/cleaning-supply-organization-ultimate-guide-transform-home-storage-2026,,Planned,false
746,home cleaning and organization services,EN,United States (loc 2840),140,1,commercial,cleaning organization,cleaning supply organization,https://www.sesoris.com/blog/cleaning-supply-organization-ultimate-guide-transform-home-storage-2026,,Planned,false
747,home organization cleaning services,EN,United States (loc 2840),140,1,commercial,cleaning organization,cleaning supply organization,https://www.sesoris.com/blog/cleaning-supply-organization-ultimate-guide-transform-home-storage-2026,,Planned,false
748,craft room wall storage,EN,United States (loc 2840),140,0,navigational,craft room storage,craft room furniture and storage,https://www.sesoris.com/blog/craft-room-furniture-and-storage-complete-review-buying-guide-2026,,Planned,false
749,deep kitchen drawer organizer ideas,EN,United States (loc 2840),110,0,commercial,kitchen organizer ideas,kitchen drawer organizer ideas,https://www.sesoris.com/blog/kitchen-drawer-organizer-ideas-transform-cooking-space-2026,,Planned,false
750,men's closet organization ideas,EN,United States (loc 2840),140,13,informational,closet organization ideas,coat closet organization ideas,https://www.sesoris.com/blog/coat-closet-organization-ideas,,Planned,false
751,mens closet organization ideas,EN,United States (loc 2840),140,7,informational,closet organization ideas,coat closet organization ideas,https://www.sesoris.com/blog/coat-closet-organization-ideas,,Planned,false
752,closet organization ideas home depot,EN,United States (loc 2840),90,10,navigational,closet organization ideas,coat closet organization ideas,https://www.sesoris.com/blog/coat-closet-organization-ideas,,Planned,false
753,closet drawer organization ideas,EN,United States (loc 2840),110,28,commercial,closet organization ideas,coat closet organization ideas,https://www.sesoris.com/blog/coat-closet-organization-ideas,,Planned,false
754,deep closet organization ideas,EN,United States (loc 2840),90,8,commercial,closet organization ideas,coat closet organization ideas,https://www.sesoris.com/blog/coat-closet-organization-ideas,,Planned,false
755,small hallway closet organization ideas,EN,United States (loc 2840),140,2,commercial,closet organization ideas,coat closet organization ideas,https://www.sesoris.com/blog/coat-closet-organization-ideas,,Planned,false
756,laundry closet organization ideas,EN,United States (loc 2840),110,2,commercial,closet organization ideas,coat closet organization ideas,https://www.sesoris.com/blog/coat-closet-organization-ideas,,Planned,false
757,wire closet organization ideas,EN,United States (loc 2840),110,0,commercial,closet organization ideas,coat closet organization ideas,https://www.sesoris.com/blog/coat-closet-organization-ideas,,Planned,false
758,small hall closet organization ideas,EN,United States (loc 2840),140,2,commercial,closet organization ideas,coat closet organization ideas,https://www.sesoris.com/blog/coat-closet-organization-ideas,,Planned,false
759,tiny closet organization ideas,EN,United States (loc 2840),140,9,commercial,closet organization ideas,coat closet organization ideas,https://www.sesoris.com/blog/coat-closet-organization-ideas,,Planned,false
760,home office closet organization,EN,United States (loc 2840),90,4,navigational,home office organization,organization ideas for home office,https://www.sesoris.com/blog/organization-ideas-for-home-office-transform-workspace-2026,,Planned,false
761,garage storage solutions ideas,EN,United States (loc 2840),110,16,commercial,garage storage solutions,garage storage solutions costco,https://www.sesoris.com/blog/garage-storage-solutions-costco-complete-review-buying-guide-2026,,Planned,false
762,laundry room wall organization,EN,United States (loc 2840),110,0,navigational,laundry room organization,laundry room organization ideas,https://www.sesoris.com/blog/laundry-room-organization-ideas-small-room,,Planned,false
763,pantry organization ideas dollar tree,EN,United States (loc 2840),90,0,commercial,pantry organization ideas,kitchen pantry organization ideas,https://www.sesoris.com/blog/kitchen-pantry-organization-ideas,,Planned,false
764,corner pantry organization ideas,EN,United States (loc 2840),90,0,commercial,pantry organization ideas,kitchen pantry organization ideas,https://www.sesoris.com/blog/kitchen-pantry-organization-ideas,,Planned,false
765,small space small kitchen storage ideas,EN,United States (loc 2840),90,18,commercial,small space storage ideas,storage ideas for small space,https://www.sesoris.com/blog/storage-ideas-for-small-space-transform-tiny-home-2026,,Planned,false
766,small office space storage ideas,EN,United States (loc 2840),110,9,commercial,small space storage ideas,storage ideas for small space,https://www.sesoris.com/blog/storage-ideas-for-small-space-transform-tiny-home-2026,,Planned,false
767,small entryway organization,EN,United States (loc 2840),90,4,commercial,entryway organization,entryway organization,https://www.sesoris.com/blog/entryway-organization-complete-guide-welcoming-clutter-free-home-2026,,Planned,false
768,kitchen towel rack ideas,EN,United States (loc 2840),320,0,commercial,kitchen rack ideas,towel rack ideas for kitchen,https://www.sesoris.com/blog/towel-rack-ideas-for-kitchen-stylish-functional-solutions-2026,,Planned,false
769,shoe storage design ideas,EN,United States (loc 2840),110,0,commercial,shoe storage ideas,shoe storage ideas for small closets,,,Planned,false
770,small entryway shoe storage ideas for entryway,EN,United States (loc 2840),90,0,commercial,shoe storage ideas,shoe storage ideas for small closets,,,Planned,false
771,diy shoe storage ideas for small spaces,EN,United States (loc 2840),70,7,commercial,shoe storage ideas,shoe storage ideas for small closets,,,Planned,false
772,plant wall shelf ideas,EN,United States (loc 2840),90,0,commercial,wall shelf ideas,bedroom wall shelf ideas,https://www.sesoris.com/blog/bedroom-wall-shelf-ideas-transform-sleep-space-2026,,Planned,false
773,wall shelf decorating ideas living room,EN,United States (loc 2840),110,0,commercial,wall shelf ideas,bedroom wall shelf ideas,https://www.sesoris.com/blog/bedroom-wall-shelf-ideas-transform-sleep-space-2026,,Planned,false
774,inside wall shelf ideas,EN,United States (loc 2840),110,0,commercial,wall shelf ideas,bedroom wall shelf ideas,https://www.sesoris.com/blog/bedroom-wall-shelf-ideas-transform-sleep-space-2026,,Planned,false
775,ikea lack wall shelf ideas,EN,United States (loc 2840),110,0,commercial,wall shelf ideas,bedroom wall shelf ideas,https://www.sesoris.com/blog/bedroom-wall-shelf-ideas-transform-sleep-space-2026,,Planned,false
776,corner wall shelf ideas,EN,United States (loc 2840),110,0,commercial,wall shelf ideas,bedroom wall shelf ideas,https://www.sesoris.com/blog/bedroom-wall-shelf-ideas-transform-sleep-space-2026,,Planned,false
777,dining room wall shelf ideas,EN,United States (loc 2840),110,0,commercial,wall shelf ideas,bedroom wall shelf ideas,https://www.sesoris.com/blog/bedroom-wall-shelf-ideas-transform-sleep-space-2026,,Planned,false
778,cleaning supply organization ideas,EN,United States (loc 2840),110,0,commercial,cleaning organization,cleaning supply organization,https://www.sesoris.com/blog/cleaning-supply-organization-ultimate-guide-transform-home-storage-2026,,Planned,false
779,cleaning supplies organization ideas,EN,United States (loc 2840),110,0,commercial,cleaning organization,cleaning supply organization,https://www.sesoris.com/blog/cleaning-supply-organization-ultimate-guide-transform-home-storage-2026,,Planned,false
780,storage shelves for craft room,EN,United States (loc 2840),110,0,commercial,craft room storage,craft room furniture and storage,https://www.sesoris.com/blog/craft-room-furniture-and-storage-complete-review-buying-guide-2026,,Planned,false
781,craft room storage units,EN,United States (loc 2840),30,0,commercial,craft room storage,craft room furniture and storage,https://www.sesoris.com/blog/craft-room-furniture-and-storage-complete-review-buying-guide-2026,,Planned,false
782,craft room storage unit,EN,United States (loc 2840),30,0,navigational,craft room storage,craft room furniture and storage,https://www.sesoris.com/blog/craft-room-furniture-and-storage-complete-review-buying-guide-2026,,Planned,false
783,craft room storage shelf,EN,United States (loc 2840),110,5,navigational,craft room storage,craft room furniture and storage,https://www.sesoris.com/blog/craft-room-furniture-and-storage-complete-review-buying-guide-2026,,Planned,false
784,cheap craft room storage,EN,United States (loc 2840),110,0,commercial,craft room storage,craft room furniture and storage,https://www.sesoris.com/blog/craft-room-furniture-and-storage-complete-review-buying-guide-2026,,Planned,false
785,craft room storage shelves,EN,United States (loc 2840),110,5,commercial,craft room storage,craft room furniture and storage,https://www.sesoris.com/blog/craft-room-furniture-and-storage-complete-review-buying-guide-2026,,Planned,false
786,laundry room organization amazon,EN,United States (loc 2840),90,0,navigational,laundry room organization,laundry room organization ideas,https://www.sesoris.com/blog/laundry-room-organization-ideas-small-room,,Planned,false
787,laundry room organization system,EN,United States (loc 2840),70,0,navigational,laundry room organization,laundry room organization ideas,https://www.sesoris.com/blog/laundry-room-organization-ideas-small-room,,Planned,false
788,laundry room organization bins,EN,United States (loc 2840),40,6,transactional,laundry room organization,laundry room organization ideas,https://www.sesoris.com/blog/laundry-room-organization-ideas-small-room,,Planned,false
789,laundry room organization systems,EN,United States (loc 2840),70,2,commercial,laundry room organization,laundry room organization ideas,https://www.sesoris.com/blog/laundry-room-organization-ideas-small-room,,Planned,false
790,small kitchen pantry organization ideas,EN,United States (loc 2840),70,9,commercial,pantry organization ideas,kitchen pantry organization ideas,https://www.sesoris.com/blog/kitchen-pantry-organization-ideas,,Planned,false
791,small living space storage ideas,EN,United States (loc 2840),70,19,commercial,small space storage ideas,storage ideas for small space,https://www.sesoris.com/blog/storage-ideas-for-small-space-transform-tiny-home-2026,,Planned,false
792,small entryway organization ideas,EN,United States (loc 2840),90,4,commercial,entryway organization,entryway organization,https://www.sesoris.com/blog/entryway-organization-complete-guide-welcoming-clutter-free-home-2026,,Planned,false
793,living room storage ideas ikea,EN,United States (loc 2840),70,6,commercial,living room storage ideas,living room toy storage ideas,https://www.sesoris.com/blog/living-room-toy-storage-ideas,,Planned,false
794,living room storage ideas for small spaces,EN,United States (loc 2840),70,14,commercial,living room storage ideas,living room toy storage ideas,https://www.sesoris.com/blog/living-room-toy-storage-ideas,,Planned,false
795,ikea storage ideas for living room,EN,United States (loc 2840),70,4,commercial,living room storage ideas,living room toy storage ideas,https://www.sesoris.com/blog/living-room-toy-storage-ideas,,Planned,false
796,wall shoe storage ideas,EN,United States (loc 2840),70,9,commercial,shoe storage ideas,shoe storage ideas for small closets,,,Planned,false
797,walk in closet shoe storage ideas,EN,United States (loc 2840),90,0,commercial,shoe storage ideas,shoe storage ideas for small closets,,,Planned,false
798,mens shoe storage ideas,EN,United States (loc 2840),70,9,commercial,shoe storage ideas,shoe storage ideas for small closets,,,Planned,false
799,hall shoe storage ideas,EN,United States (loc 2840),70,7,commercial,shoe storage ideas,shoe storage ideas for small closets,,,Planned,false
800,walk-in closet shoe storage ideas,EN,United States (loc 2840),90,0,commercial,shoe storage ideas,shoe storage ideas for small closets,,,Planned,false
801,shoe storage box ideas,EN,United States (loc 2840),70,0,commercial,shoe storage ideas,shoe storage ideas for small closets,,,Planned,false
802,shoe storage ideas hallway,EN,United States (loc 2840),70,7,commercial,shoe storage ideas,shoe storage ideas for small closets,,,Planned,false
803,shoe storage ideas for walk in closet,EN,United States (loc 2840),90,6,commercial,shoe storage ideas,shoe storage ideas for small closets,,,Planned,false
804,ideas for shoe storage in hallway,EN,United States (loc 2840),70,8,commercial,shoe storage ideas,shoe storage ideas for small closets,,,Planned,false
805,mud room shoe storage ideas,EN,United States (loc 2840),70,0,commercial,shoe storage ideas,shoe storage ideas for small closets,,,Planned,false
806,shoe boxes storage ideas,EN,United States (loc 2840),70,0,commercial,shoe storage ideas,shoe storage ideas for small closets,,,Planned,false
807,shoe storage ideas for hallway,EN,United States (loc 2840),70,7,commercial,shoe storage ideas,shoe storage ideas for small closets,,,Planned,false
808,outdoor wall shelf ideas,EN,United States (loc 2840),70,0,commercial,wall shelf ideas,bedroom wall shelf ideas,https://www.sesoris.com/blog/bedroom-wall-shelf-ideas-transform-sleep-space-2026,,Planned,false
809,tv wall shelf ideas,EN,United States (loc 2840),90,0,commercial,wall shelf ideas,bedroom wall shelf ideas,https://www.sesoris.com/blog/bedroom-wall-shelf-ideas-transform-sleep-space-2026,,Planned,false
810,built-in wall shelf ideas,EN,United States (loc 2840),70,1,commercial,wall shelf ideas,bedroom wall shelf ideas,https://www.sesoris.com/blog/bedroom-wall-shelf-ideas-transform-sleep-space-2026,,Planned,false
811,cube wall shelf ideas,EN,United States (loc 2840),70,0,commercial,wall shelf ideas,bedroom wall shelf ideas,https://www.sesoris.com/blog/bedroom-wall-shelf-ideas-transform-sleep-space-2026,,Planned,false
812,full wall shelf ideas,EN,United States (loc 2840),90,0,commercial,wall shelf ideas,bedroom wall shelf ideas,https://www.sesoris.com/blog/bedroom-wall-shelf-ideas-transform-sleep-space-2026,,Planned,false
813,unique wall shelf ideas,EN,United States (loc 2840),70,8,commercial,wall shelf ideas,bedroom wall shelf ideas,https://www.sesoris.com/blog/bedroom-wall-shelf-ideas-transform-sleep-space-2026,,Planned,false
814,wall shelf design ideas,EN,United States (loc 2840),110,0,commercial,wall shelf ideas,bedroom wall shelf ideas,https://www.sesoris.com/blog/bedroom-wall-shelf-ideas-transform-sleep-space-2026,,Planned,false
815,ikea wall shelf ideas,EN,United States (loc 2840),70,3,commercial,wall shelf ideas,bedroom wall shelf ideas,https://www.sesoris.com/blog/bedroom-wall-shelf-ideas-transform-sleep-space-2026,,Planned,false
816,living room plant wall shelf ideas,EN,United States (loc 2840),70,0,commercial,wall shelf ideas,bedroom wall shelf ideas,https://www.sesoris.com/blog/bedroom-wall-shelf-ideas-transform-sleep-space-2026,,Planned,false
817,small bathroom wall shelf ideas,EN,United States (loc 2840),90,0,commercial,wall shelf ideas,bedroom wall shelf ideas,https://www.sesoris.com/blog/bedroom-wall-shelf-ideas-transform-sleep-space-2026,,Planned,false
818,built in wall shelf ideas,EN,United States (loc 2840),70,3,commercial,wall shelf ideas,bedroom wall shelf ideas,https://www.sesoris.com/blog/bedroom-wall-shelf-ideas-transform-sleep-space-2026,,Planned,false
819,cleaning closet organization ideas,EN,United States (loc 2840),90,0,commercial,cleaning organization,cleaning supply organization,https://www.sesoris.com/blog/cleaning-supply-organization-ultimate-guide-transform-home-storage-2026,,Planned,false
820,organization and cleaning services near me,EN,United States (loc 2840),90,0,commercial,cleaning organization,cleaning supply organization,https://www.sesoris.com/blog/cleaning-supply-organization-ultimate-guide-transform-home-storage-2026,,Planned,false
821,organization home cleaning,EN,United States (loc 2840),90,17,informational,cleaning organization,cleaning supply organization,https://www.sesoris.com/blog/cleaning-supply-organization-ultimate-guide-transform-home-storage-2026,,Planned,false
822,craft room tables and storage,EN,United States (loc 2840),90,0,commercial,craft room storage,craft room furniture and storage,https://www.sesoris.com/blog/craft-room-furniture-and-storage-complete-review-buying-guide-2026,,Planned,false
823,ideas for craft room storage,EN,United States (loc 2840),880,0,commercial,craft room storage,craft room furniture and storage,https://www.sesoris.com/blog/craft-room-furniture-and-storage-complete-review-buying-guide-2026,,Planned,false
824,craft room storage table,EN,United States (loc 2840),90,0,commercial,craft room storage,craft room furniture and storage,https://www.sesoris.com/blog/craft-room-furniture-and-storage-complete-review-buying-guide-2026,,Planned,false
825,ikea craft room storage furniture,EN,United States (loc 2840),110,0,commercial,craft room storage,craft room furniture and storage,https://www.sesoris.com/blog/craft-room-furniture-and-storage-complete-review-buying-guide-2026,,Planned,false
826,storage for craft room,EN,United States (loc 2840),1600,0,commercial,craft room storage,craft room furniture and storage,https://www.sesoris.com/blog/craft-room-furniture-and-storage-complete-review-buying-guide-2026,,Planned,false
827,craft room table with storage,EN,United States (loc 2840),90,0,navigational,craft room storage,craft room furniture and storage,https://www.sesoris.com/blog/craft-room-furniture-and-storage-complete-review-buying-guide-2026,,Planned,false
828,kitchen closet organizer ideas,EN,United States (loc 2840),50,21,commercial,kitchen organizer ideas,kitchen drawer organizer ideas,https://www.sesoris.com/blog/kitchen-drawer-organizer-ideas-transform-cooking-space-2026,,Planned,false
829,kitchen shelf organizer ideas,EN,United States (loc 2840),70,42,commercial,kitchen organizer ideas,kitchen drawer organizer ideas,https://www.sesoris.com/blog/kitchen-drawer-organizer-ideas-transform-cooking-space-2026,,Planned,false
830,kitchen wall organizer ideas,EN,United States (loc 2840),70,7,commercial,kitchen organizer ideas,kitchen drawer organizer ideas,https://www.sesoris.com/blog/kitchen-drawer-organizer-ideas-transform-cooking-space-2026,,Planned,false
831,ikea kitchen organizer ideas,EN,United States (loc 2840),90,4,commercial,kitchen organizer ideas,kitchen drawer organizer ideas,https://www.sesoris.com/blog/kitchen-drawer-organizer-ideas-transform-cooking-space-2026,,Planned,false
832,kitchen storage organizer ideas,EN,United States (loc 2840),70,21,commercial,kitchen organizer ideas,kitchen drawer organizer ideas,https://www.sesoris.com/blog/kitchen-drawer-organizer-ideas-transform-cooking-space-2026,,Planned,false
833,diy kitchen organizer ideas,EN,United States (loc 2840),40,23,commercial,kitchen organizer ideas,kitchen drawer organizer ideas,https://www.sesoris.com/blog/kitchen-drawer-organizer-ideas-transform-cooking-space-2026,,Planned,false
834,kitchen sink counter organizer ideas,EN,United States (loc 2840),70,10,commercial,kitchen organizer ideas,kitchen drawer organizer ideas,https://www.sesoris.com/blog/kitchen-drawer-organizer-ideas-transform-cooking-space-2026,,Planned,false
835,kitchen corner cabinet organizer ideas,EN,United States (loc 2840),70,0,commercial,kitchen organizer ideas,kitchen drawer organizer ideas,https://www.sesoris.com/blog/kitchen-drawer-organizer-ideas-transform-cooking-space-2026,,Planned,false
836,ikea bathroom storage solutions,EN,United States (loc 2840),50,9,commercial,bathroom storage solutions,bathroom storage solutions for small spaces,,,Planned,false
837,home office supply organization,EN,United States (loc 2840),50,21,commercial,home office organization,organization ideas for home office,https://www.sesoris.com/blog/organization-ideas-for-home-office-transform-workspace-2026,,Planned,false
838,organization tips for home office,EN,United States (loc 2840),70,3,informational,home office organization,organization ideas for home office,https://www.sesoris.com/blog/organization-ideas-for-home-office-transform-workspace-2026,,Planned,false
839,home office supplies organization,EN,United States (loc 2840),50,21,navigational,home office organization,organization ideas for home office,https://www.sesoris.com/blog/organization-ideas-for-home-office-transform-workspace-2026,,Planned,false
840,home office organization tips,EN,United States (loc 2840),70,3,commercial,home office organization,organization ideas for home office,https://www.sesoris.com/blog/organization-ideas-for-home-office-transform-workspace-2026,,Planned,false
841,garage tool storage solutions,EN,United States (loc 2840),70,0,commercial,garage storage solutions,garage storage solutions costco,https://www.sesoris.com/blog/garage-storage-solutions-costco-complete-review-buying-guide-2026,,Planned,false
842,dream garage storage solutions,EN,United States (loc 2840),70,13,commercial,garage storage solutions,garage storage solutions costco,https://www.sesoris.com/blog/garage-storage-solutions-costco-complete-review-buying-guide-2026,,Planned,false
843,garage ceiling storage solutions,EN,United States (loc 2840),50,7,commercial,garage storage solutions,garage storage solutions costco,https://www.sesoris.com/blog/garage-storage-solutions-costco-complete-review-buying-guide-2026,,Planned,false
844,laundry room organization for small spaces,EN,United States (loc 2840),40,8,commercial,laundry room organization,laundry room organization ideas,https://www.sesoris.com/blog/laundry-room-organization-ideas-small-room,,Planned,false
845,small space laundry room organization,EN,United States (loc 2840),40,8,commercial,laundry room organization,laundry room organization ideas,https://www.sesoris.com/blog/laundry-room-organization-ideas-small-room,,Planned,false
846,best pantry organization ideas,EN,United States (loc 2840),70,13,commercial,pantry organization ideas,kitchen pantry organization ideas,https://www.sesoris.com/blog/kitchen-pantry-organization-ideas,,Planned,false
847,pantry organization ideas pinterest,EN,United States (loc 2840),70,9,navigational,pantry organization ideas,kitchen pantry organization ideas,https://www.sesoris.com/blog/kitchen-pantry-organization-ideas,,Planned,false
848,deep pantry organization ideas,EN,United States (loc 2840),70,0,commercial,pantry organization ideas,kitchen pantry organization ideas,https://www.sesoris.com/blog/kitchen-pantry-organization-ideas,,Planned,false
849,diy pantry organization ideas,EN,United States (loc 2840),50,6,commercial,pantry organization ideas,kitchen pantry organization ideas,https://www.sesoris.com/blog/kitchen-pantry-organization-ideas,,Planned,false
850,pantry storage organization ideas,EN,United States (loc 2840),50,11,commercial,pantry organization ideas,kitchen pantry organization ideas,https://www.sesoris.com/blog/kitchen-pantry-organization-ideas,,Planned,false
851,small entryway closet organization ideas,EN,United States (loc 2840),70,0,commercial,entryway organization,entryway organization,https://www.sesoris.com/blog/entryway-organization-complete-guide-welcoming-clutter-free-home-2026,,Planned,false
852,entryway shoe organization,EN,United States (loc 2840),50,2,transactional,entryway organization,entryway organization,https://www.sesoris.com/blog/entryway-organization-complete-guide-welcoming-clutter-free-home-2026,,Planned,false
853,toy storage ideas for living room ikea,EN,United States (loc 2840),50,0,commercial,living room storage ideas,living room toy storage ideas,https://www.sesoris.com/blog/living-room-toy-storage-ideas,,Planned,false
854,living room cube storage ideas,EN,United States (loc 2840),50,0,commercial,living room storage ideas,living room toy storage ideas,https://www.sesoris.com/blog/living-room-toy-storage-ideas,,Planned,false
855,kitchen cabinet wine rack ideas,EN,United States (loc 2840),50,0,commercial,kitchen rack ideas,towel rack ideas for kitchen,https://www.sesoris.com/blog/towel-rack-ideas-for-kitchen-stylish-functional-solutions-2026,,Planned,false
856,kitchen bakers rack ideas,EN,United States (loc 2840),50,0,commercial,kitchen rack ideas,towel rack ideas for kitchen,https://www.sesoris.com/blog/towel-rack-ideas-for-kitchen-stylish-functional-solutions-2026,,Planned,false
857,large wall shelf ideas,EN,United States (loc 2840),50,26,commercial,wall shelf ideas,bedroom wall shelf ideas,https://www.sesoris.com/blog/bedroom-wall-shelf-ideas-transform-sleep-space-2026,,Planned,false
858,wall shelf lighting ideas,EN,United States (loc 2840),70,0,commercial,wall shelf ideas,bedroom wall shelf ideas,https://www.sesoris.com/blog/bedroom-wall-shelf-ideas-transform-sleep-space-2026,,Planned,false
859,wall mounted book shelf ideas,EN,United States (loc 2840),70,9,commercial,wall shelf ideas,bedroom wall shelf ideas,https://www.sesoris.com/blog/bedroom-wall-shelf-ideas-transform-sleep-space-2026,,Planned,false
860,half wall shelf ideas,EN,United States (loc 2840),70,0,commercial,wall shelf ideas,bedroom wall shelf ideas,https://www.sesoris.com/blog/bedroom-wall-shelf-ideas-transform-sleep-space-2026,,Planned,false
861,wall mount tv shelf ideas,EN,United States (loc 2840),70,0,commercial,wall shelf ideas,bedroom wall shelf ideas,https://www.sesoris.com/blog/bedroom-wall-shelf-ideas-transform-sleep-space-2026,,Planned,false
862,wall mounted shelf ideas,EN,United States (loc 2840),70,9,commercial,wall shelf ideas,bedroom wall shelf ideas,https://www.sesoris.com/blog/bedroom-wall-shelf-ideas-transform-sleep-space-2026,,Planned,false
863,wall shelf mounting ideas,EN,United States (loc 2840),70,25,commercial,wall shelf ideas,bedroom wall shelf ideas,https://www.sesoris.com/blog/bedroom-wall-shelf-ideas-transform-sleep-space-2026,,Planned,false
864,wall sconce shelf ideas,EN,United States (loc 2840),70,0,commercial,wall shelf ideas,bedroom wall shelf ideas,https://www.sesoris.com/blog/bedroom-wall-shelf-ideas-transform-sleep-space-2026,,Planned,false
865,shelf ideas for wall mounted tv,EN,United States (loc 2840),70,0,commercial,wall shelf ideas,bedroom wall shelf ideas,https://www.sesoris.com/blog/bedroom-wall-shelf-ideas-transform-sleep-space-2026,,Planned,false
866,long wall shelf ideas,EN,United States (loc 2840),70,2,commercial,wall shelf ideas,bedroom wall shelf ideas,https://www.sesoris.com/blog/bedroom-wall-shelf-ideas-transform-sleep-space-2026,,Planned,false
867,wall mounted tv shelf ideas,EN,United States (loc 2840),70,0,commercial,wall shelf ideas,bedroom wall shelf ideas,https://www.sesoris.com/blog/bedroom-wall-shelf-ideas-transform-sleep-space-2026,,Planned,false
868,tv wall mount with shelf ideas,EN,United States (loc 2840),70,0,commercial,wall shelf ideas,bedroom wall shelf ideas,https://www.sesoris.com/blog/bedroom-wall-shelf-ideas-transform-sleep-space-2026,,Planned,false
869,tv wall mount and shelf ideas,EN,United States (loc 2840),70,2,commercial,wall shelf ideas,bedroom wall shelf ideas,https://www.sesoris.com/blog/bedroom-wall-shelf-ideas-transform-sleep-space-2026,,Planned,false
870,organization cleaning tips,EN,United States (loc 2840),70,22,informational,cleaning organization,cleaning supply organization,https://www.sesoris.com/blog/cleaning-supply-organization-ultimate-guide-transform-home-storage-2026,,Planned,false
871,organization and cleaning tips,EN,United States (loc 2840),70,22,informational,cleaning organization,cleaning supply organization,https://www.sesoris.com/blog/cleaning-supply-organization-ultimate-guide-transform-home-storage-2026,,Planned,false
872,kitchen spice organizer ideas,EN,United States (loc 2840),50,2,commercial,kitchen organizer ideas,kitchen drawer organizer ideas,https://www.sesoris.com/blog/kitchen-drawer-organizer-ideas-transform-cooking-space-2026,,Planned,false
873,small kitchen cabinet organizer ideas,EN,United States (loc 2840),50,23,commercial,kitchen organizer ideas,kitchen drawer organizer ideas,https://www.sesoris.com/blog/kitchen-drawer-organizer-ideas-transform-cooking-space-2026,,Planned,false
874,under the kitchen sink organizer ideas,EN,United States (loc 2840),480,0,commercial,kitchen organizer ideas,kitchen drawer organizer ideas,https://www.sesoris.com/blog/kitchen-drawer-organizer-ideas-transform-cooking-space-2026,,Planned,false
875,storage solutions for small bathroom,EN,United States (loc 2840),720,7,commercial,bathroom storage solutions,bathroom storage solutions for small spaces,,,Planned,false
876,bathroom under sink storage solutions,EN,United States (loc 2840),50,2,commercial,bathroom storage solutions,bathroom storage solutions for small spaces,,,Planned,false
877,storage solutions for under bathroom sink,EN,United States (loc 2840),50,2,commercial,bathroom storage solutions,bathroom storage solutions for small spaces,,,Planned,false
878,under the bathroom sink storage solutions,EN,United States (loc 2840),50,2,commercial,bathroom storage solutions,bathroom storage solutions for small spaces,,,Planned,false
879,bathroom storage solutions for small spaces,EN,United States (loc 2840),50,0,commercial,bathroom storage solutions,bathroom storage solutions for small spaces,,,Planned,false
880,tiny bathroom storage solutions,EN,United States (loc 2840),50,0,commercial,bathroom storage solutions,bathroom storage solutions for small spaces,,,Planned,false
881,home office desk organization ideas,EN,United States (loc 2840),70,3,commercial,home office organization,organization ideas for home office,https://www.sesoris.com/blog/organization-ideas-for-home-office-transform-workspace-2026,,Planned,false
882,wall organization system for home office,EN,United States (loc 2840),50,0,commercial,home office organization,organization ideas for home office,https://www.sesoris.com/blog/organization-ideas-for-home-office-transform-workspace-2026,,Planned,false
883,home office organization furniture,EN,United States (loc 2840),50,7,navigational,home office organization,organization ideas for home office,https://www.sesoris.com/blog/organization-ideas-for-home-office-transform-workspace-2026,,Planned,false
884,home office wall organization systems,EN,United States (loc 2840),50,0,commercial,home office organization,organization ideas for home office,https://www.sesoris.com/blog/organization-ideas-for-home-office-transform-workspace-2026,,Planned,false
885,garage gym storage solutions,EN,United States (loc 2840),50,0,commercial,garage storage solutions,garage storage solutions costco,https://www.sesoris.com/blog/garage-storage-solutions-costco-complete-review-buying-guide-2026,,Planned,false
886,garage wall storage solutions,EN,United States (loc 2840),50,0,commercial,garage storage solutions,garage storage solutions costco,https://www.sesoris.com/blog/garage-storage-solutions-costco-complete-review-buying-guide-2026,,Planned,false
887,rudolph garage storage solutions,EN,United States (loc 2840),50,0,commercial,garage storage solutions,garage storage solutions costco,https://www.sesoris.com/blog/garage-storage-solutions-costco-complete-review-buying-guide-2026,,Planned,false
888,small garage storage solutions,EN,United States (loc 2840),40,18,commercial,garage storage solutions,garage storage solutions costco,https://www.sesoris.com/blog/garage-storage-solutions-costco-complete-review-buying-guide-2026,,Planned,false
889,lowes laundry room organization,EN,United States (loc 2840),50,0,navigational,laundry room organization,laundry room organization ideas,https://www.sesoris.com/blog/laundry-room-organization-ideas-small-room,,Planned,false
890,pinterest laundry room organization,EN,United States (loc 2840),40,0,navigational,laundry room organization,laundry room organization ideas,https://www.sesoris.com/blog/laundry-room-organization-ideas-small-room,,Planned,false
891,laundry room organization solutions,EN,United States (loc 2840),50,15,commercial,laundry room organization,laundry room organization ideas,https://www.sesoris.com/blog/laundry-room-organization-ideas-small-room,,Planned,false
892,diy small laundry room organization ideas,EN,United States (loc 2840),50,16,commercial,laundry room organization,laundry room organization ideas,https://www.sesoris.com/blog/laundry-room-organization-ideas-small-room,,Planned,false
893,pantry can organization ideas,EN,United States (loc 2840),50,0,commercial,pantry organization ideas,kitchen pantry organization ideas,https://www.sesoris.com/blog/kitchen-pantry-organization-ideas,,Planned,false
894,diy small pantry organization ideas,EN,United States (loc 2840),50,13,commercial,pantry organization ideas,kitchen pantry organization ideas,https://www.sesoris.com/blog/kitchen-pantry-organization-ideas,,Planned,false
895,small walk in pantry organization ideas,EN,United States (loc 2840),50,0,commercial,pantry organization ideas,kitchen pantry organization ideas,https://www.sesoris.com/blog/kitchen-pantry-organization-ideas,,Planned,false
896,small pantry organization ideas pinterest,EN,United States (loc 2840),40,2,commercial,pantry organization ideas,kitchen pantry organization ideas,https://www.sesoris.com/blog/kitchen-pantry-organization-ideas,,Planned,false
897,small walk-in pantry organization ideas,EN,United States (loc 2840),50,0,commercial,pantry organization ideas,kitchen pantry organization ideas,https://www.sesoris.com/blog/kitchen-pantry-organization-ideas,,Planned,false
898,pantry organization ideas for deep shelves,EN,United States (loc 2840),40,0,commercial,pantry organization ideas,kitchen pantry organization ideas,https://www.sesoris.com/blog/kitchen-pantry-organization-ideas,,Planned,false
899,small pantry closet organization ideas,EN,United States (loc 2840),50,2,commercial,pantry organization ideas,kitchen pantry organization ideas,https://www.sesoris.com/blog/kitchen-pantry-organization-ideas,,Planned,false
900,best small space storage ideas,EN,United States (loc 2840),50,18,commercial,small space storage ideas,storage ideas for small space,https://www.sesoris.com/blog/storage-ideas-for-small-space-transform-tiny-home-2026,,Planned,false
901,space saving small office storage ideas,EN,United States (loc 2840),40,0,commercial,small space storage ideas,storage ideas for small space,https://www.sesoris.com/blog/storage-ideas-for-small-space-transform-tiny-home-2026,,Planned,false
902,bedroom storage solutions ikea,EN,United States (loc 2840),40,5,commercial,bedroom storage solutions,storage solutions for a small bedroom,https://www.sesoris.com/blog/storage-solutions-for-a-small-bedroom-smart-ideas-maximize-space-2026,,Planned,false
903,living room hidden storage ideas,EN,United States (loc 2840),50,9,commercial,living room storage ideas,living room toy storage ideas,https://www.sesoris.com/blog/living-room-toy-storage-ideas,,Planned,false
904,living room storage cabinet ideas,EN,United States (loc 2840),40,1,commercial,living room storage ideas,living room toy storage ideas,https://www.sesoris.com/blog/living-room-toy-storage-ideas,,Planned,false
905,hidden toy storage ideas living room,EN,United States (loc 2840),40,0,commercial,living room storage ideas,living room toy storage ideas,https://www.sesoris.com/blog/living-room-toy-storage-ideas,,Planned,false
906,kitchen pot rack ideas,EN,United States (loc 2840),50,6,commercial,kitchen rack ideas,towel rack ideas for kitchen,https://www.sesoris.com/blog/towel-rack-ideas-for-kitchen-stylish-functional-solutions-2026,,Planned,false
907,kitchen spice rack ideas,EN,United States (loc 2840),50,0,commercial,kitchen rack ideas,towel rack ideas for kitchen,https://www.sesoris.com/blog/towel-rack-ideas-for-kitchen-stylish-functional-solutions-2026,https://www.sesoris.com/blog/kitchen-spice-rack-ideas,Planned,true
908,wine rack ideas for small kitchen,EN,United States (loc 2840),30,0,commercial,kitchen rack ideas,towel rack ideas for kitchen,https://www.sesoris.com/blog/towel-rack-ideas-for-kitchen-stylish-functional-solutions-2026,,Planned,false
909,hexagon wall shelf ideas,EN,United States (loc 2840),40,0,navigational,wall shelf ideas,bedroom wall shelf ideas,https://www.sesoris.com/blog/bedroom-wall-shelf-ideas-transform-sleep-space-2026,,Planned,false
910,wall display shelf ideas,EN,United States (loc 2840),40,24,commercial,wall shelf ideas,bedroom wall shelf ideas,https://www.sesoris.com/blog/bedroom-wall-shelf-ideas-transform-sleep-space-2026,,Planned,false
911,lustigt wall shelf ideas,EN,United States (loc 2840),40,1,commercial,wall shelf ideas,bedroom wall shelf ideas,https://www.sesoris.com/blog/bedroom-wall-shelf-ideas-transform-sleep-space-2026,,Planned,false
912,wall bar shelf ideas,EN,United States (loc 2840),50,0,commercial,wall shelf ideas,bedroom wall shelf ideas,https://www.sesoris.com/blog/bedroom-wall-shelf-ideas-transform-sleep-space-2026,,Planned,false
913,pallet wall shelf ideas,EN,United States (loc 2840),40,0,navigational,wall shelf ideas,bedroom wall shelf ideas,https://www.sesoris.com/blog/bedroom-wall-shelf-ideas-transform-sleep-space-2026,,Planned,false
914,wall shelf hanging ideas,EN,United States (loc 2840),40,11,informational,wall shelf ideas,bedroom wall shelf ideas,https://www.sesoris.com/blog/bedroom-wall-shelf-ideas-transform-sleep-space-2026,,Planned,false
915,cleaning tools organization,EN,United States (loc 2840),40,0,commercial,cleaning organization,cleaning supply organization,https://www.sesoris.com/blog/cleaning-supply-organization-ultimate-guide-transform-home-storage-2026,,Planned,false
916,house cleaning organization schedule,EN,United States (loc 2840),50,30,navigational,cleaning organization,cleaning supply organization,https://www.sesoris.com/blog/cleaning-supply-organization-ultimate-guide-transform-home-storage-2026,,Planned,false
917,cleaning organization schedule,EN,United States (loc 2840),50,30,informational,cleaning organization,cleaning supply organization,https://www.sesoris.com/blog/cleaning-supply-organization-ultimate-guide-transform-home-storage-2026,,Planned,false
918,small nursery organization ideas,EN,United States (loc 2840),40,0,commercial,nursery organization,nursery organization,https://www.sesoris.com/blog/nursery-organization-dresser-guide-transform-baby-space-2026,,Planned,false
919,newborn nursery organization,EN,United States (loc 2840),50,0,commercial,nursery organization,nursery organization,https://www.sesoris.com/blog/nursery-organization-dresser-guide-transform-baby-space-2026,,Planned,false
920,craft room storage and organization,EN,United States (loc 2840),30,0,commercial,craft room storage,craft room furniture and storage,https://www.sesoris.com/blog/craft-room-furniture-and-storage-complete-review-buying-guide-2026,,Planned,false
921,craft room organizers and storage,EN,United States (loc 2840),30,0,commercial,craft room storage,craft room furniture and storage,https://www.sesoris.com/blog/craft-room-furniture-and-storage-complete-review-buying-guide-2026,,Planned,false
922,small craft room storage ideas,EN,United States (loc 2840),40,0,commercial,craft room storage,craft room furniture and storage,https://www.sesoris.com/blog/craft-room-furniture-and-storage-complete-review-buying-guide-2026,,Planned,false
923,storage shed craft room,EN,United States (loc 2840),50,0,commercial,craft room storage,craft room furniture and storage,https://www.sesoris.com/blog/craft-room-furniture-and-storage-complete-review-buying-guide-2026,,Planned,false
924,craft room storage organization,EN,United States (loc 2840),30,0,commercial,craft room storage,craft room furniture and storage,https://www.sesoris.com/blog/craft-room-furniture-and-storage-complete-review-buying-guide-2026,,Planned,false
925,craft room storage containers,EN,United States (loc 2840),50,1,commercial,craft room storage,craft room furniture and storage,https://www.sesoris.com/blog/craft-room-furniture-and-storage-complete-review-buying-guide-2026,,Planned,false
926,diy craft room storage,EN,United States (loc 2840),40,0,commercial,craft room storage,craft room furniture and storage,https://www.sesoris.com/blog/craft-room-furniture-and-storage-complete-review-buying-guide-2026,,Planned,false
927,craft room storage bins,EN,United States (loc 2840),40,3,commercial,craft room storage,craft room furniture and storage,https://www.sesoris.com/blog/craft-room-furniture-and-storage-complete-review-buying-guide-2026,,Planned,false
928,kitchen table organizer ideas,EN,United States (loc 2840),30,5,commercial,kitchen organizer ideas,kitchen drawer organizer ideas,https://www.sesoris.com/blog/kitchen-drawer-organizer-ideas-transform-cooking-space-2026,,Planned,false
929,kitchen pan organizer ideas,EN,United States (loc 2840),40,0,commercial,kitchen organizer ideas,kitchen drawer organizer ideas,https://www.sesoris.com/blog/kitchen-drawer-organizer-ideas-transform-cooking-space-2026,,Planned,false
930,kitchen organizer ideas pinterest,EN,United States (loc 2840),30,6,navigational,kitchen organizer ideas,kitchen drawer organizer ideas,https://www.sesoris.com/blog/kitchen-drawer-organizer-ideas-transform-cooking-space-2026,,Planned,false
931,kitchen utensil drawer organizer ideas,EN,United States (loc 2840),40,9,commercial,kitchen organizer ideas,kitchen drawer organizer ideas,https://www.sesoris.com/blog/kitchen-drawer-organizer-ideas-transform-cooking-space-2026,,Planned,false
932,bathroom countertop storage solutions,EN,United States (loc 2840),30,0,commercial,bathroom storage solutions,bathroom storage solutions for small spaces,,,Planned,false
933,bathroom closet storage solutions,EN,United States (loc 2840),30,2,commercial,bathroom storage solutions,bathroom storage solutions for small spaces,,,Planned,false
934,bathroom counter storage solutions,EN,United States (loc 2840),30,8,commercial,bathroom storage solutions,bathroom storage solutions for small spaces,,,Planned,false
935,home and office organization services,EN,United States (loc 2840),30,15,commercial,home office organization,organization ideas for home office,https://www.sesoris.com/blog/organization-ideas-for-home-office-transform-workspace-2026,,Planned,false
936,home office organization services,EN,United States (loc 2840),20,12,commercial,home office organization,organization ideas for home office,https://www.sesoris.com/blog/organization-ideas-for-home-office-transform-workspace-2026,,Planned,false
937,affordable garage storage solutions,EN,United States (loc 2840),40,13,commercial,garage storage solutions,garage storage solutions costco,https://www.sesoris.com/blog/garage-storage-solutions-costco-complete-review-buying-guide-2026,,Planned,false
938,cheap storage solutions for garage,EN,United States (loc 2840),40,13,commercial,garage storage solutions,garage storage solutions costco,https://www.sesoris.com/blog/garage-storage-solutions-costco-complete-review-buying-guide-2026,,Planned,false
939,perfect garage storage solutions,EN,United States (loc 2840),40,14,commercial,garage storage solutions,garage storage solutions costco,https://www.sesoris.com/blog/garage-storage-solutions-costco-complete-review-buying-guide-2026,,Planned,false
940,cheap garage storage solutions,EN,United States (loc 2840),40,14,commercial,garage storage solutions,garage storage solutions costco,https://www.sesoris.com/blog/garage-storage-solutions-costco-complete-review-buying-guide-2026,,Planned,false
941,garage workshop storage solutions,EN,United States (loc 2840),30,14,commercial,garage storage solutions,garage storage solutions costco,https://www.sesoris.com/blog/garage-storage-solutions-costco-complete-review-buying-guide-2026,,Planned,false
942,garage storage solutions of swfl,EN,United States (loc 2840),50,4,commercial,garage storage solutions,garage storage solutions costco,https://www.sesoris.com/blog/garage-storage-solutions-costco-complete-review-buying-guide-2026,,Planned,false
943,laundry room cabinet organization ideas,EN,United States (loc 2840),30,0,commercial,laundry room organization,laundry room organization ideas,https://www.sesoris.com/blog/laundry-room-organization-ideas-small-room,,Planned,false
944,laundry room shelf organization ideas,EN,United States (loc 2840),40,0,commercial,laundry room organization,laundry room organization ideas,https://www.sesoris.com/blog/laundry-room-organization-ideas-small-room,,Planned,false
945,laundry room organization diy,EN,United States (loc 2840),30,17,navigational,laundry room organization,laundry room organization ideas,https://www.sesoris.com/blog/laundry-room-organization-ideas-small-room,,Planned,false
946,pantry snack organization ideas,EN,United States (loc 2840),40,2,commercial,pantry organization ideas,kitchen pantry organization ideas,https://www.sesoris.com/blog/kitchen-pantry-organization-ideas,,Planned,false
947,large pantry organization ideas,EN,United States (loc 2840),30,9,commercial,pantry organization ideas,kitchen pantry organization ideas,https://www.sesoris.com/blog/kitchen-pantry-organization-ideas,,Planned,false
948,wire shelf pantry organization ideas,EN,United States (loc 2840),50,0,commercial,pantry organization ideas,kitchen pantry organization ideas,https://www.sesoris.com/blog/kitchen-pantry-organization-ideas,,Planned,false
949,pantry door organization ideas,EN,United States (loc 2840),40,3,commercial,pantry organization ideas,kitchen pantry organization ideas,https://www.sesoris.com/blog/kitchen-pantry-organization-ideas,,Planned,false
950,kitchen pantry organization ideas for wire shelving,EN,United States (loc 2840),30,0,commercial,pantry organization ideas,kitchen pantry organization ideas,https://www.sesoris.com/blog/kitchen-pantry-organization-ideas,,Planned,false
951,indian pantry organization ideas,EN,United States (loc 2840),30,0,commercial,pantry organization ideas,kitchen pantry organization ideas,https://www.sesoris.com/blog/kitchen-pantry-organization-ideas,,Planned,false
952,entryway organization furniture,EN,United States (loc 2840),40,0,transactional,entryway organization,entryway organization,https://www.sesoris.com/blog/entryway-organization-complete-guide-welcoming-clutter-free-home-2026,,Planned,false
953,wall storage ideas for living room,EN,United States (loc 2840),40,4,commercial,living room storage ideas,living room toy storage ideas,https://www.sesoris.com/blog/living-room-toy-storage-ideas,,Planned,false
954,shoe storage ideas for living room,EN,United States (loc 2840),30,7,commercial,living room storage ideas,living room toy storage ideas,https://www.sesoris.com/blog/living-room-toy-storage-ideas,,Planned,false
955,living room shoe storage ideas,EN,United States (loc 2840),30,7,commercial,living room storage ideas,living room toy storage ideas,https://www.sesoris.com/blog/living-room-toy-storage-ideas,,Planned,false
956,living room corner storage ideas,EN,United States (loc 2840),40,0,commercial,living room storage ideas,living room toy storage ideas,https://www.sesoris.com/blog/living-room-toy-storage-ideas,,Planned,false
957,living room throw blanket storage ideas,EN,United States (loc 2840),30,0,commercial,living room storage ideas,living room toy storage ideas,https://www.sesoris.com/blog/living-room-toy-storage-ideas,,Planned,false
958,living room wall storage ideas,EN,United States (loc 2840),40,5,commercial,living room storage ideas,living room toy storage ideas,https://www.sesoris.com/blog/living-room-toy-storage-ideas,,Planned,false
959,storage bench living room ideas,EN,United States (loc 2840),40,2,commercial,living room storage ideas,living room toy storage ideas,https://www.sesoris.com/blog/living-room-toy-storage-ideas,,Planned,false
960,dvd storage ideas living room,EN,United States (loc 2840),30,0,commercial,living room storage ideas,living room toy storage ideas,https://www.sesoris.com/blog/living-room-toy-storage-ideas,,Planned,false
961,decluttering your home tips,EN,United States (loc 2840),480,13,commercial,home decluttering tips,tips to decluttering your home,,,Planned,false
962,kitchen bakers rack decorating ideas,EN,United States (loc 2840),40,0,commercial,kitchen rack ideas,towel rack ideas for kitchen,https://www.sesoris.com/blog/towel-rack-ideas-for-kitchen-stylish-functional-solutions-2026,,Planned,false
963,wine rack ideas for kitchen,EN,United States (loc 2840),30,0,commercial,kitchen rack ideas,towel rack ideas for kitchen,https://www.sesoris.com/blog/towel-rack-ideas-for-kitchen-stylish-functional-solutions-2026,,Planned,false
964,floating wall shelf arrangement ideas,EN,United States (loc 2840),30,0,commercial,wall shelf ideas,bedroom wall shelf ideas,https://www.sesoris.com/blog/bedroom-wall-shelf-ideas-transform-sleep-space-2026,,Planned,false
965,wall shelf layout ideas,EN,United States (loc 2840),30,0,commercial,wall shelf ideas,bedroom wall shelf ideas,https://www.sesoris.com/blog/bedroom-wall-shelf-ideas-transform-sleep-space-2026,,Planned,false
966,gallery wall shelf ideas,EN,United States (loc 2840),30,0,commercial,wall shelf ideas,bedroom wall shelf ideas,https://www.sesoris.com/blog/bedroom-wall-shelf-ideas-transform-sleep-space-2026,,Planned,false
967,lego wall shelf ideas,EN,United States (loc 2840),50,0,navigational,wall shelf ideas,bedroom wall shelf ideas,https://www.sesoris.com/blog/bedroom-wall-shelf-ideas-transform-sleep-space-2026,,Planned,false
968,floating wall shelf design ideas,EN,United States (loc 2840),40,0,commercial,wall shelf ideas,bedroom wall shelf ideas,https://www.sesoris.com/blog/bedroom-wall-shelf-ideas-transform-sleep-space-2026,,Planned,false
969,wall shelf placement ideas,EN,United States (loc 2840),30,0,informational,wall shelf ideas,bedroom wall shelf ideas,https://www.sesoris.com/blog/bedroom-wall-shelf-ideas-transform-sleep-space-2026,,Planned,false
970,picture shelf wall ideas,EN,United States (loc 2840),50,0,commercial,wall shelf ideas,bedroom wall shelf ideas,https://www.sesoris.com/blog/bedroom-wall-shelf-ideas-transform-sleep-space-2026,,Planned,false
971,floating wall shelf decorating ideas,EN,United States (loc 2840),40,2,commercial,wall shelf ideas,bedroom wall shelf ideas,https://www.sesoris.com/blog/bedroom-wall-shelf-ideas-transform-sleep-space-2026,,Planned,false
972,printer wall shelf ideas,EN,United States (loc 2840),30,0,commercial,wall shelf ideas,bedroom wall shelf ideas,https://www.sesoris.com/blog/bedroom-wall-shelf-ideas-transform-sleep-space-2026,,Planned,false
973,photo shelf wall ideas,EN,United States (loc 2840),40,0,commercial,wall shelf ideas,bedroom wall shelf ideas,https://www.sesoris.com/blog/bedroom-wall-shelf-ideas-transform-sleep-space-2026,,Planned,false
974,cleaning supply closet organization ideas,EN,United States (loc 2840),40,0,commercial,cleaning organization,cleaning supply organization,https://www.sesoris.com/blog/cleaning-supply-organization-ultimate-guide-transform-home-storage-2026,,Planned,false
975,small cleaning closet organization,EN,United States (loc 2840),40,0,commercial,cleaning organization,cleaning supply organization,https://www.sesoris.com/blog/cleaning-supply-organization-ultimate-guide-transform-home-storage-2026,,Planned,false
976,nursery organization hacks,EN,United States (loc 2840),20,0,informational,nursery organization,nursery organization,https://www.sesoris.com/blog/nursery-organization-dresser-guide-transform-baby-space-2026,,Planned,false
977,nursery storage and organization,EN,United States (loc 2840),30,0,commercial,nursery organization,nursery organization,https://www.sesoris.com/blog/nursery-organization-dresser-guide-transform-baby-space-2026,,Planned,false
978,nursery dresser organization ideas,EN,United States (loc 2840),40,0,commercial,nursery organization,nursery organization,https://www.sesoris.com/blog/nursery-organization-dresser-guide-transform-baby-space-2026,,Planned,false
979,craft room storage ideas ikea,EN,United States (loc 2840),40,0,commercial,craft room storage,craft room furniture and storage,https://www.sesoris.com/blog/craft-room-furniture-and-storage-complete-review-buying-guide-2026,,Planned,false
980,small mudroom organization ideas,EN,United States (loc 2840),30,0,commercial,mudroom organization,mudroom organization ikea,https://www.sesoris.com/blog/mudroom-organization-ikea,,Planned,false
981,kitchen counter top organizer ideas,EN,United States (loc 2840),30,0,commercial,kitchen organizer ideas,kitchen drawer organizer ideas,https://www.sesoris.com/blog/kitchen-drawer-organizer-ideas-transform-cooking-space-2026,,Planned,false
982,kitchen desk organizer ideas,EN,United States (loc 2840),30,0,commercial,kitchen organizer ideas,kitchen drawer organizer ideas,https://www.sesoris.com/blog/kitchen-drawer-organizer-ideas-transform-cooking-space-2026,,Planned,false
983,kitchen wrap organizer ideas,EN,United States (loc 2840),30,0,commercial,kitchen organizer ideas,kitchen drawer organizer ideas,https://www.sesoris.com/blog/kitchen-drawer-organizer-ideas-transform-cooking-space-2026,,Planned,false
984,home office paper organization,EN,United States (loc 2840),20,0,navigational,home office organization,organization ideas for home office,https://www.sesoris.com/blog/organization-ideas-for-home-office-transform-workspace-2026,,Planned,false
985,home office wall organization ideas,EN,United States (loc 2840),30,0,commercial,home office organization,organization ideas for home office,https://www.sesoris.com/blog/organization-ideas-for-home-office-transform-workspace-2026,,Planned,false
986,home office organization and storage,EN,United States (loc 2840),30,1,commercial,home office organization,organization ideas for home office,https://www.sesoris.com/blog/organization-ideas-for-home-office-transform-workspace-2026,,Planned,false
987,home office storage organization,EN,United States (loc 2840),30,1,navigational,home office organization,organization ideas for home office,https://www.sesoris.com/blog/organization-ideas-for-home-office-transform-workspace-2026,,Planned,false
988,home office organization ideas on a budget,EN,United States (loc 2840),30,4,commercial,home office organization,organization ideas for home office,https://www.sesoris.com/blog/organization-ideas-for-home-office-transform-workspace-2026,,Planned,false
989,garage attic storage solutions,EN,United States (loc 2840),30,0,commercial,garage storage solutions,garage storage solutions costco,https://www.sesoris.com/blog/garage-storage-solutions-costco-complete-review-buying-guide-2026,,Planned,false
990,ultimate garage storage solutions,EN,United States (loc 2840),20,5,commercial,garage storage solutions,garage storage solutions costco,https://www.sesoris.com/blog/garage-storage-solutions-costco-complete-review-buying-guide-2026,,Planned,false
991,garage storage solutions home depot,EN,United States (loc 2840),30,13,commercial,garage storage solutions,garage storage solutions costco,https://www.sesoris.com/blog/garage-storage-solutions-costco-complete-review-buying-guide-2026,,Planned,false
992,shoe storage solutions for the garage,EN,United States (loc 2840),20,0,commercial,garage storage solutions,garage storage solutions costco,https://www.sesoris.com/blog/garage-storage-solutions-costco-complete-review-buying-guide-2026,,Planned,false
993,shoe storage in garage solutions,EN,United States (loc 2840),20,0,commercial,garage storage solutions,garage storage solutions costco,https://www.sesoris.com/blog/garage-storage-solutions-costco-complete-review-buying-guide-2026,,Planned,false
994,shoe storage garage solutions,EN,United States (loc 2840),20,0,commercial,garage storage solutions,garage storage solutions costco,https://www.sesoris.com/blog/garage-storage-solutions-costco-complete-review-buying-guide-2026,,Planned,false
995,laundry room organization for small laundry rooms,EN,United States (loc 2840),20,6,commercial,laundry room organization,laundry room organization ideas,https://www.sesoris.com/blog/laundry-room-organization-ideas-small-room,,Planned,false
996,tiny laundry room organization,EN,United States (loc 2840),20,6,transactional,laundry room organization,laundry room organization ideas,https://www.sesoris.com/blog/laundry-room-organization-ideas-small-room,,Planned,false
997,laundry room closet organization ideas,EN,United States (loc 2840),30,0,commercial,laundry room organization,laundry room organization ideas,https://www.sesoris.com/blog/laundry-room-organization-ideas-small-room,,Planned,false
998,best laundry room organization,EN,United States (loc 2840),30,1,commercial,laundry room organization,laundry room organization ideas,https://www.sesoris.com/blog/laundry-room-organization-ideas-small-room,,Planned,false
999,laundry room organization jars,EN,United States (loc 2840),20,0,transactional,laundry room organization,laundry room organization ideas,https://www.sesoris.com/blog/laundry-room-organization-ideas-small-room,,Planned,false
1000,open pantry organization ideas,EN,United States (loc 2840),30,0,commercial,pantry organization ideas,kitchen pantry organization ideas,https://www.sesoris.com/blog/kitchen-pantry-organization-ideas,,Planned,false
1001,narrow pantry organization ideas,EN,United States (loc 2840),20,8,commercial,pantry organization ideas,kitchen pantry organization ideas,https://www.sesoris.com/blog/kitchen-pantry-organization-ideas,,Planned,false
1002,pull out pantry organization ideas,EN,United States (loc 2840),30,0,commercial,pantry organization ideas,kitchen pantry organization ideas,https://www.sesoris.com/blog/kitchen-pantry-organization-ideas,,Planned,false
1003,pantry drawer organization ideas,EN,United States (loc 2840),30,4,commercial,pantry organization ideas,kitchen pantry organization ideas,https://www.sesoris.com/blog/kitchen-pantry-organization-ideas,,Planned,false
1004,deep pantry cabinet organization ideas,EN,United States (loc 2840),30,0,commercial,pantry organization ideas,kitchen pantry organization ideas,https://www.sesoris.com/blog/kitchen-pantry-organization-ideas,,Planned,false
1005,pull-out pantry organization ideas,EN,United States (loc 2840),30,0,commercial,pantry organization ideas,kitchen pantry organization ideas,https://www.sesoris.com/blog/kitchen-pantry-organization-ideas,,Planned,false
1006,small space storage ideas for clothes,EN,United States (loc 2840),30,8,commercial,small space storage ideas,storage ideas for small space,https://www.sesoris.com/blog/storage-ideas-for-small-space-transform-tiny-home-2026,,Planned,false
1007,storage space ideas for small homes,EN,United States (loc 2840),30,27,commercial,small space storage ideas,storage ideas for small space,https://www.sesoris.com/blog/storage-ideas-for-small-space-transform-tiny-home-2026,,Planned,false
1008,small entryway closet organization,EN,United States (loc 2840),20,0,transactional,entryway organization,entryway organization,https://www.sesoris.com/blog/entryway-organization-complete-guide-welcoming-clutter-free-home-2026,,Planned,false
1009,entryway closet coat closet organization,EN,United States (loc 2840),20,3,navigational,entryway organization,entryway organization,https://www.sesoris.com/blog/entryway-organization-complete-guide-welcoming-clutter-free-home-2026,,Planned,false
1010,book storage ideas living room,EN,United States (loc 2840),20,1,commercial,living room storage ideas,living room toy storage ideas,https://www.sesoris.com/blog/living-room-toy-storage-ideas,,Planned,false
1011,living room furniture storage ideas,EN,United States (loc 2840),30,2,commercial,living room storage ideas,living room toy storage ideas,https://www.sesoris.com/blog/living-room-toy-storage-ideas,,Planned,false
1012,small living room toy storage ideas,EN,United States (loc 2840),40,0,commercial,living room storage ideas,living room toy storage ideas,https://www.sesoris.com/blog/living-room-toy-storage-ideas,,Planned,false
1013,cube storage ideas for living room,EN,United States (loc 2840),20,0,commercial,living room storage ideas,living room toy storage ideas,https://www.sesoris.com/blog/living-room-toy-storage-ideas,,Planned,false
1014,small kitchen pot rack ideas,EN,United States (loc 2840),30,8,commercial,kitchen rack ideas,towel rack ideas for kitchen,https://www.sesoris.com/blog/towel-rack-ideas-for-kitchen-stylish-functional-solutions-2026,,Planned,false
1015,spice rack ideas for kitchen,EN,United States (loc 2840),30,0,commercial,kitchen rack ideas,towel rack ideas for kitchen,https://www.sesoris.com/blog/towel-rack-ideas-for-kitchen-stylish-functional-solutions-2026,,Planned,false
1016,kitchen hanging rack ideas,EN,United States (loc 2840),30,17,commercial,kitchen rack ideas,towel rack ideas for kitchen,https://www.sesoris.com/blog/towel-rack-ideas-for-kitchen-stylish-functional-solutions-2026,,Planned,false
1017,kitchen rack ideas,EN,United States (loc 2840),20,26,commercial,kitchen rack ideas,towel rack ideas for kitchen,https://www.sesoris.com/blog/towel-rack-ideas-for-kitchen-stylish-functional-solutions-2026,,Planned,false
1018,kitchen drying rack ideas,EN,United States (loc 2840),30,0,commercial,kitchen rack ideas,towel rack ideas for kitchen,https://www.sesoris.com/blog/towel-rack-ideas-for-kitchen-stylish-functional-solutions-2026,,Planned,false
1019,cool wall shelf ideas,EN,United States (loc 2840),30,3,commercial,wall shelf ideas,bedroom wall shelf ideas,https://www.sesoris.com/blog/bedroom-wall-shelf-ideas-transform-sleep-space-2026,,Planned,false
1020,gaming wall shelf ideas,EN,United States (loc 2840),30,0,commercial,wall shelf ideas,bedroom wall shelf ideas,https://www.sesoris.com/blog/bedroom-wall-shelf-ideas-transform-sleep-space-2026,,Planned,false
1021,pony wall shelf ideas,EN,United States (loc 2840),30,0,navigational,wall shelf ideas,bedroom wall shelf ideas,https://www.sesoris.com/blog/bedroom-wall-shelf-ideas-transform-sleep-space-2026,,Planned,false
1022,cleaning cabinet organization,EN,United States (loc 2840),30,0,informational,cleaning organization,cleaning supply organization,https://www.sesoris.com/blog/cleaning-supply-organization-ultimate-guide-transform-home-storage-2026,,Planned,false
1023,organization for cleaning supplies,EN,United States (loc 2840),1300,0,commercial,cleaning organization,cleaning supply organization,https://www.sesoris.com/blog/cleaning-supply-organization-ultimate-guide-transform-home-storage-2026,,Planned,false
1024,small nursery closet organization,EN,United States (loc 2840),30,0,commercial,nursery organization,nursery organization,https://www.sesoris.com/blog/nursery-organization-dresser-guide-transform-baby-space-2026,,Planned,false
1025,small nursery closet organization ideas,EN,United States (loc 2840),20,0,commercial,nursery organization,nursery organization,https://www.sesoris.com/blog/nursery-organization-dresser-guide-transform-baby-space-2026,,Planned,false
1026,craft room wall storage ideas,EN,United States (loc 2840),30,0,commercial,craft room storage,craft room furniture and storage,https://www.sesoris.com/blog/craft-room-furniture-and-storage-complete-review-buying-guide-2026,,Planned,false
1027,craft room storage drawers,EN,United States (loc 2840),40,2,commercial,craft room storage,craft room furniture and storage,https://www.sesoris.com/blog/craft-room-furniture-and-storage-complete-review-buying-guide-2026,,Planned,false
1028,craft room desk and storage,EN,United States (loc 2840),30,5,commercial,craft room storage,craft room furniture and storage,https://www.sesoris.com/blog/craft-room-furniture-and-storage-complete-review-buying-guide-2026,,Planned,false
1029,craft room paper storage,EN,United States (loc 2840),30,3,navigational,craft room storage,craft room furniture and storage,https://www.sesoris.com/blog/craft-room-furniture-and-storage-complete-review-buying-guide-2026,,Planned,false
1030,mudroom organization systems,EN,United States (loc 2840),40,0,commercial,mudroom organization,mudroom organization ikea,https://www.sesoris.com/blog/mudroom-organization-ikea,,Planned,false
1031,mudroom organization system,EN,United States (loc 2840),40,0,transactional,mudroom organization,mudroom organization ikea,https://www.sesoris.com/blog/mudroom-organization-ikea,,Planned,false
1032,diy mudroom organization,EN,United States (loc 2840),30,0,transactional,mudroom organization,mudroom organization ikea,https://www.sesoris.com/blog/mudroom-organization-ikea,,Planned,false
1033,best home organization hacks 2027,EN,United States (loc 2840),,,commercial,Tips,how to organize toys in living room,,,Planned,false
1034,how to organize a small apartment,EN,United States (loc 2840),260,0,informational,Tips,how to organize toys in living room,,,Planned,false
1035,new year home organization checklist,EN,United States (loc 2840),,,informational,Seasonal,toples kue lebaran,,,Planned,false
1036,winter home maintenance checklist,EN,United States (loc 2840),110,0,informational,Seasonal,toples kue lebaran,,,Planned,false
1037,best storage containers 2027,EN,United States (loc 2840),,,commercial,Review,best shoe organizer for small closet,,,Planned,false
1038,how to organize kitchen cabinets step by step,EN,United States (loc 2840),,,informational,Tutorial,how to organize a linen closet,,,Planned,false
1039,minimalist bedroom organization ideas,EN,United States (loc 2840),,,commercial,Inspiration,under staircase storage ideas,,,Planned,false
1040,bathroom counter organization tips,EN,United States (loc 2840),,,commercial,Tips,how to organize toys in living room,,,Planned,false
1041,best shoe organizer for small closet,EN,United States (loc 2840),70,7,commercial,Review,best shoe organizer for small closet,,,Planned,false
1042,how to declutter your home in one weekend,EN,United States (loc 2840),,,informational,Tutorial,how to organize a linen closet,,,Planned,false
1043,organizing a home office on a budget,EN,United States (loc 2840),,,commercial,Tips,how to organize toys in living room,,,Planned,false
1044,diy kitchen storage ideas,EN,United States (loc 2840),110,21,commercial,DIY,diy kitchen storage ideas,,,Planned,false
1045,garage organization ideas on a budget,EN,United States (loc 2840),590,16,commercial,Tips,how to organize toys in living room,,,Planned,false
1046,how to organize toys in living room,EN,United States (loc 2840),110,6,informational,Tips,how to organize toys in living room,,,Planned,false
1047,best pantry organizer bins,EN,United States (loc 2840),10,5,commercial,Review,best shoe organizer for small closet,,,Planned,false
1048,laundry room storage ideas small spaces,EN,United States (loc 2840),,,commercial,Tips,how to organize toys in living room,,,Planned,false
1049,how to organize a linen closet,EN,United States (loc 2840),720,4,informational,Tutorial,how to organize a linen closet,,,Planned,false
1050,entryway organization ideas small space,EN,United States (loc 2840),,,commercial,Tips,how to organize toys in living room,,,Planned,false
1051,under staircase storage ideas,EN,United States (loc 2840),5400,0,commercial,Inspiration,under staircase storage ideas,,,Planned,false
1052,craft room organization on a budget,EN,United States (loc 2840),20,0,commercial,Tips,how to organize toys in living room,,,Planned,false
1053,how to organize refrigerator shelves,EN,United States (loc 2840),140,1,informational,Tutorial,how to organize a linen closet,,,Planned,false
1054,home organization trends 2027,EN,United States (loc 2840),,,commercial,Trends,home organization trends 2027,,,Planned,false
1055,smart home storage solutions,EN,United States (loc 2840),10,42,commercial,Review,best shoe organizer for small closet,,,Planned,false
1056,japanese home organization method,EN,United States (loc 2840),,,informational,Lifestyle,japanese home organization method,,,Planned,false
1057,capsule wardrobe organization guide,EN,United States (loc 2840),,,commercial,Lifestyle,japanese home organization method,,,Planned,false
1058,how to organize spice drawer,EN,United States (loc 2840),50,0,informational,Tutorial,how to organize a linen closet,,,Planned,false
1059,pet supply organization ideas,EN,United States (loc 2840),,,commercial,Tips,how to organize toys in living room,,,Planned,false
1060,holiday decoration storage hacks,EN,United States (loc 2840),,,commercial,Seasonal,toples kue lebaran,,,Planned,false
1061,organized home tour 2027,EN,United States (loc 2840),,,commercial,Inspiration,under staircase storage ideas,,,Planned,false
